"","ticker","date","open","high","low","close","vol"
"1","SANTANDER",2014-12-03,30.57,31.8,30.57,31.05,199964
"2","SANTANDER",2014-12-04,31.28,31.3,30.97,31.16,22685
"3","SANTANDER",2014-12-05,31.25,31.25,30.3,30.68,3567
"4","SANTANDER",2014-12-08,30.6,31,30.6,30.6,2382
"5","SANTANDER",2014-12-09,30.7,30.78,29.65,29.73,5864
"6","SANTANDER",2014-12-10,29.8,29.8,29.3,29.31,3492
"7","SANTANDER",2014-12-11,29.35,29.4,29.31,29.31,624
"8","SANTANDER",2014-12-12,28.8,28.8,28.6,28.75,454
"9","SANTANDER",2014-12-15,28.06,28.5,28.06,28.2,709
"10","SANTANDER",2014-12-16,28,28,27.05,27.15,845
"11","SANTANDER",2014-12-17,28.6,28.77,28,28.77,1093
"12","SANTANDER",2014-12-18,29.2,30.04,28.62,29.99,5458
"13","SANTANDER",2014-12-19,30.33,30.33,29.8,30.32,1205
"14","SANTANDER",2014-12-22,30.55,30.55,29.81,30.29,856
"15","SANTANDER",2014-12-23,30.3,30.47,30.3,30.47,5182
"16","SANTANDER",2014-12-29,30.93,30.93,29.41,30.4,2717
"17","SANTANDER",2015-01-02,29.9,30.6,29.9,30.6,3064
"18","SANTANDER",2015-01-05,29.11,30.49,29.11,30.39,283
"19","SANTANDER",2015-01-07,28.7,29,28.42,28.75,996
"20","SANTANDER",2015-01-08,29.25,29.99,28.5,28.5,677
"21","SANTANDER",2015-01-09,27,28.3,25,25,6813
"22","SANTANDER",2015-01-12,25.82,26,24.05,25.45,6186
"23","SANTANDER",2015-01-13,26.44,26.44,25.1,25.5,1864
"24","SANTANDER",2015-01-14,24.61,25.95,24.61,24.82,24113
"25","SANTANDER",2015-01-15,25.5,25.65,25.03,25.03,415
"26","SANTANDER",2015-01-16,25.99,26.34,25.99,26,151
"27","SANTANDER",2015-01-19,26.38,26.38,25.61,25.61,2483
"28","SANTANDER",2015-01-20,26.38,26.39,26.37,26.37,1284
"29","SANTANDER",2015-01-21,26.37,26.37,25.3,25.35,352
"30","SANTANDER",2015-01-22,25.53,26.95,25.53,26.95,101
"31","SANTANDER",2015-01-23,26.95,26.95,26.95,26.95,25
"32","SANTANDER",2015-01-26,27,27,25.97,25.97,9147
"33","SANTANDER",2015-01-27,26.5,26.5,26,26,552
"34","SANTANDER",2015-01-28,26.1,26.1,25.99,25.99,135
"35","SANTANDER",2015-01-29,25.3,25.98,25.22,25.98,584
"36","SANTANDER",2015-01-30,25.62,25.62,25.2,25.2,351
"37","SANTANDER",2015-02-02,25.06,25.06,24.3,24.65,12741
"38","SANTANDER",2015-02-03,25.5,25.85,25.21,25.85,3684
"39","SANTANDER",2015-02-04,25.9,25.9,25.01,25.9,69
"40","SANTANDER",2015-02-05,26.05,26.05,24.93,25.5,87
"41","SANTANDER",2015-02-06,25.5,25.5,25.5,25.5,120
"42","SANTANDER",2015-02-09,24.91,25.39,24.91,25.39,81
"43","SANTANDER",2015-02-10,25.11,25.5,25,25,4457
"44","SANTANDER",2015-02-11,25,25,25,25,148
"45","SANTANDER",2015-02-12,25.01,25.78,25.01,25.78,2022
"46","SANTANDER",2015-02-13,26,26.35,26,26.35,12680
"47","SANTANDER",2015-02-16,26.4,26.4,25.36,26.15,331
"48","SANTANDER",2015-02-17,26.2,26.2,26.2,26.2,2000
"49","SANTANDER",2015-02-18,26.5,26.85,26.5,26.8,8240
"50","SANTANDER",2015-02-19,26.88,27.88,26.82,27.88,21068
"51","SANTANDER",2015-02-23,27.03,27.03,26.17,26.17,151
"52","SANTANDER",2015-02-24,25.51,27,25.51,27,951
"53","SANTANDER",2015-02-25,26.01,26.88,25.81,26.88,164
"54","SANTANDER",2015-02-26,26.95,26.95,26.95,26.95,10
"55","SANTANDER",2015-02-27,27,27,27,27,71
"56","SANTANDER",2015-03-02,26.95,27.01,26.95,27.01,183
"57","SANTANDER",2015-03-03,27,27,26.6,26.6,1182
"58","SANTANDER",2015-03-04,27,27.05,26.9,26.95,7915
"59","SANTANDER",2015-03-05,26.98,27,26.98,26.99,6981
"60","SANTANDER",2015-03-06,26.98,26.98,26.98,26.98,133
"61","SANTANDER",2015-03-09,26.83,26.83,26.57,26.57,57
"62","SANTANDER",2015-03-10,26.2,26.55,26.2,26.33,340
"63","SANTANDER",2015-03-11,26.3,26.49,26.3,26.37,12135
"64","SANTANDER",2015-03-12,26.45,26.7,26.45,26.7,9117
"65","SANTANDER",2015-03-13,26.21,26.75,26.21,26.75,1391
"66","SANTANDER",2015-03-16,26.9,26.9,26.9,26.9,350
"67","SANTANDER",2015-03-17,26.9,26.9,26.9,26.9,40
"68","SANTANDER",2015-03-18,26.55,26.8,26.06,26.8,1681
"69","SANTANDER",2015-03-19,26.8,26.8,26.8,26.8,50
"70","SANTANDER",2015-03-20,26.95,27.85,26.95,27.82,35238
"71","SANTANDER",2015-03-23,28.15,28.3,27.61,27.61,5137
"72","SANTANDER",2015-03-24,28.05,28.36,28.05,28.36,10231
"73","SANTANDER",2015-03-25,28.4,28.42,28,28,5370
"74","SANTANDER",2015-03-26,27.85,28,27.85,28,5010
"75","SANTANDER",2015-03-27,28.25,28.4,28.04,28.4,3243
"76","SANTANDER",2015-03-30,28.4,28.5,28.4,28.5,5846
"77","SANTANDER",2015-03-31,28.65,28.65,28.4,28.4,5114
"78","SANTANDER",2015-04-01,28.5,28.75,28.5,28.74,7977
"79","SANTANDER",2015-04-02,27.64,29.05,27.64,29,338
"80","SANTANDER",2015-04-07,27.72,28.8,27.72,28.52,3208
"81","SANTANDER",2015-04-08,28.7,28.7,28.7,28.7,2000
"82","SANTANDER",2015-04-09,28.7,28.7,28.06,28.06,62
"83","SANTANDER",2015-04-10,28.2,28.2,28,28,14
"84","SANTANDER",2015-04-13,28.2,28.2,27.75,27.75,5
"85","SANTANDER",2015-04-14,27.84,27.84,27.66,27.84,235
"86","SANTANDER",2015-04-15,27.84,28.5,27.84,28.5,70
"87","SANTANDER",2015-04-16,27.74,28.5,27.5,28.5,286
"88","SANTANDER",2015-04-17,26.99,27.35,26.49,26.49,2510
"89","SANTANDER",2015-04-20,26.55,27.05,26.4,26.99,1024
"90","SANTANDER",2015-04-21,26.4,26.4,26.4,26.4,100
"91","SANTANDER",2015-04-22,26.31,26.34,26.14,26.14,1386
"92","SANTANDER",2015-04-23,26.15,26.15,26.15,26.15,10
"93","SANTANDER",2015-04-27,26.75,26.85,26.75,26.85,277
"94","SANTANDER",2015-04-28,27.2,27.35,27.2,27.32,2456
"95","SANTANDER",2015-04-29,27.3,27.44,27.3,27.32,2026
"96","SANTANDER",2015-04-30,26.9,27.78,26.01,27.3,17333
"97","SANTANDER",2015-05-04,27,27.35,27,27.35,8500
"98","SANTANDER",2015-05-05,27.1,27.1,27.1,27.1,2000
"99","SANTANDER",2015-05-06,26.4,26.7,26.4,26.64,10000
"100","SANTANDER",2015-05-07,26.6,26.6,26.45,26.6,2618
"101","SANTANDER",2015-05-08,26.8,27.3,26.8,27.3,14030
"102","SANTANDER",2015-05-11,27.33,27.6,27.33,27.33,3000
"103","SANTANDER",2015-05-12,27.19,27.5,27.18,27.5,8510
"104","SANTANDER",2015-05-13,27.05,27.5,27.05,27.5,4307
"105","SANTANDER",2015-05-14,27.3,27.42,27.3,27.42,5000
"106","SANTANDER",2015-05-18,27.05,27.05,26.4,26.99,453
"107","SANTANDER",2015-05-19,27.05,27.18,27.05,27.18,5765
"108","SANTANDER",2015-05-20,27.25,27.5,27.25,27.5,5309
"109","SANTANDER",2015-05-21,27.98,27.98,27.98,27.98,8
"110","SANTANDER",2015-05-22,27.41,27.75,27.41,27.75,4643
"111","SANTANDER",2015-05-26,27.25,27.25,27.25,27.25,1000
"112","SANTANDER",2015-05-27,27,27.03,26.86,27.03,16087
"113","SANTANDER",2015-05-28,27.19,27.46,27.1,27.1,1582
"114","SANTANDER",2015-06-01,27.39,27.4,26.7,27.4,316
"115","SANTANDER",2015-06-02,26.78,27.5,26.78,27.5,385
"116","SANTANDER",2015-06-03,27.5,27.5,27.35,27.35,2980
"117","SANTANDER",2015-06-09,26.75,26.75,26.67,26.67,2051
"118","SANTANDER",2015-06-10,26.75,27.59,26.6,27.59,32950
"119","SANTANDER",2015-06-11,27.16,27.16,27.16,27.16,8272
"120","SANTANDER",2015-06-12,26.85,26.85,26.85,26.85,1
"121","SANTANDER",2015-06-15,26.9,26.9,26.9,26.9,50
"122","SANTANDER",2015-06-17,26.23,26.23,26.23,26.23,8272
"123","SANTANDER",2015-06-18,26,26,26,26,124
"124","SANTANDER",2015-06-19,26.31,26.67,26.31,26.67,1200
"125","SANTANDER",2015-06-22,26,28.2,26,28.2,18214
"126","SANTANDER",2015-06-23,28,28.6,28,28.6,4565
"127","SANTANDER",2015-06-24,28.59,28.59,28.59,28.59,15
"128","SANTANDER",2015-06-25,28.12,28.12,28.12,28.12,3868
"129","SANTANDER",2015-06-26,27.97,28.6,26.08,28.6,5580
"130","SANTANDER",2015-06-29,26.79,26.79,26.79,26.79,183
"131","SANTANDER",2015-07-01,28.47,28.47,27.3,27.3,12
"132","SANTANDER",2015-07-03,26.49,28.47,26.49,28.47,67
"133","SANTANDER",2015-07-06,26.2,26.98,25.01,25.8,7121
"134","SANTANDER",2015-07-07,25.82,25.82,25.81,25.81,201
"135","SANTANDER",2015-07-08,24.51,25.7,24.51,25.7,140
"136","SANTANDER",2015-07-10,25.7,27.13,25.7,27,5728
"137","SANTANDER",2015-07-14,26.71,27.05,26.71,27.05,5204
"138","SANTANDER",2015-07-15,27.05,27.05,27.05,27.05,189
"139","SANTANDER",2015-07-16,27.45,27.45,27.45,27.45,60
"140","SANTANDER",2015-07-20,27.9,27.9,27.9,27.9,191
"141","SANTANDER",2015-07-21,27.9,27.9,27.7,27.7,123
"142","SANTANDER",2015-07-22,27.01,27.01,27.01,27.01,55
"143","SANTANDER",2015-07-23,27.06,27.06,27.06,27.06,15
"144","SANTANDER",2015-07-27,27.07,27.07,27.07,27.07,50
"145","SANTANDER",2015-07-30,26.71,27.04,26.5,27.04,64
"146","SANTANDER",2015-07-31,26.08,26.1,26.08,26.1,80
"147","SANTANDER",2015-08-11,26.99,26.99,26.99,26.99,10
"148","SANTANDER",2015-08-12,26.2,27,26.2,27,101
"149","SANTANDER",2015-08-13,25.5,25.5,25.5,25.5,93
"150","SANTANDER",2015-08-14,25.5,25.5,25.5,25.5,37
"151","SANTANDER",2015-08-17,25,26.91,24.46,26.91,305
"152","SANTANDER",2015-08-19,26.88,26.88,26.88,26.88,36
"153","SANTANDER",2015-08-21,25.61,25.61,24,24.34,9566
"154","SANTANDER",2015-08-24,24.15,24.15,22.05,22.05,555
"155","SANTANDER",2015-08-25,22.1,22.91,22.1,22.35,186
"156","SANTANDER",2015-08-27,22.4,24.44,22.4,24.44,66
"157","SANTANDER",2015-08-28,24.4,24.4,24.4,24.4,30
"158","SANTANDER",2015-09-01,22.92,23.99,22.88,23.99,239
"159","SANTANDER",2015-09-02,22.88,23.89,22.88,23.89,258
"160","SANTANDER",2015-09-04,22.26,22.74,21,22.22,994
"161","SANTANDER",2015-09-07,22.22,22.22,21.15,21.15,242
"162","SANTANDER",2015-09-08,22.83,22.83,21.25,21.25,309
"163","SANTANDER",2015-09-09,22.5,23.33,22.5,23.33,231
"164","SANTANDER",2015-09-10,22.4,22.4,22.4,22.4,180
"165","SANTANDER",2015-09-11,21.9,22.8,21.9,22.8,154
"166","SANTANDER",2015-09-15,22.74,22.74,21.43,21.43,330
"167","SANTANDER",2015-09-16,21.37,21.37,21.37,21.37,99
"168","SANTANDER",2015-09-17,22.99,22.99,22.89,22.89,800
"169","SANTANDER",2015-09-22,21.41,21.41,21.41,21.41,76
"170","SANTANDER",2015-09-23,21.45,21.45,21.45,21.45,60
"171","SANTANDER",2015-09-24,21.45,21.5,19.82,21.5,10512
"172","SANTANDER",2015-09-25,20,21.4,20,21.4,90
"173","SANTANDER",2015-09-28,20.6,20.99,20,20.99,836
"174","SANTANDER",2015-09-29,20.21,20.21,19.51,19.51,11
"175","SANTANDER",2015-09-30,20.15,20.15,20.15,20.15,36
"176","SANTANDER",2015-10-01,21,21,20.15,20.15,1548
"177","SANTANDER",2015-10-02,20.14,20.18,19.51,19.51,32
"178","SANTANDER",2015-10-06,21.25,21.25,21.25,21.25,388
"179","SANTANDER",2015-10-07,21.25,22.4,21.25,22.39,482
"180","SANTANDER",2015-10-08,21.8,21.8,21.8,21.8,1
"181","SANTANDER",2015-10-09,22.5,22.6,22.5,22.6,5319
"182","SANTANDER",2015-10-12,22.6,22.8,21.96,22.8,202
"183","SANTANDER",2015-10-14,22.8,22.8,22.8,22.8,1
"184","SANTANDER",2015-10-15,22.87,22.87,22.87,22.87,5
"185","SANTANDER",2015-10-19,22.87,22.87,22.87,22.87,4
"186","SANTANDER",2015-10-20,22.98,22.98,22.98,22.98,1
"187","SANTANDER",2015-10-22,20.8,22.49,20.8,22.49,80
"188","SANTANDER",2015-10-23,22.5,22.5,22.5,22.5,325
"189","SANTANDER",2015-10-29,21.66,22.69,21.66,22.69,37
"190","SANTANDER",2015-10-30,22,22,21.99,21.99,181
"191","SANTANDER",2015-11-02,22.75,22.75,22.75,22.75,20
"192","SANTANDER",2015-11-04,22.65,22.65,22.65,22.65,100
"193","SANTANDER",2015-11-05,22.69,22.89,22,22.89,114
"194","SANTANDER",2015-11-06,22.94,22.94,21.11,22.36,65
"195","SANTANDER",2015-11-13,20.83,22.9,20.83,22.9,1800
"196","SANTANDER",2015-11-19,22.5,22.5,22.5,22.5,1
"197","SANTANDER",2015-11-24,20.86,21.66,20.86,21.66,419
"198","SANTANDER",2015-11-26,21.5,22.87,21.5,22.87,249
"199","SANTANDER",2015-11-27,20.91,22.96,20.91,22.96,5
"200","SANTANDER",2015-12-03,21.96,22.89,21.96,22.89,13
"201","SANTANDER",2015-12-07,22.97,22.97,22.97,22.97,316
"202","SANTANDER",2015-12-08,20.95,21.03,20.7,20.7,486
"203","SANTANDER",2015-12-09,20.37,20.7,20.1,20.7,257
"204","SANTANDER",2015-12-11,21.99,21.99,21.99,21.99,2
"205","SANTANDER",2015-12-14,21,21,19.51,19.51,5255
"206","SANTANDER",2015-12-15,20,20.03,19.01,19.99,45
"207","SANTANDER",2015-12-16,19.46,19.99,19.46,19.99,1025
"208","SANTANDER",2015-12-17,20.7,20.72,20.02,20.02,330
"209","SANTANDER",2015-12-21,20.01,20.95,19.9,20.95,401
"210","SANTANDER",2015-12-23,20.35,20.35,19.88,19.9,1313
"211","SANTANDER",2015-12-28,19.88,20.44,19.01,19.6,333
"212","SANTANDER",2015-12-29,20.39,20.39,20.39,20.39,119
"213","SANTANDER",2015-12-30,19.99,20.29,19.99,20.29,273
"214","SANTANDER",2016-01-04,19.7,20.19,19.03,20.19,1247
"215","SANTANDER",2016-01-05,19.04,19.99,18.99,19.99,321
"216","SANTANDER",2016-01-07,18.81,19.29,18.8,19.29,332
"217","SANTANDER",2016-01-08,18.59,18.59,18.05,18.05,504
"218","SANTANDER",2016-01-12,18.05,19.14,18.05,19.14,22
"219","SANTANDER",2016-01-14,19.28,19.28,17.8,17.86,1418
"220","SANTANDER",2016-01-15,18,18.04,17.77,18.04,22
"221","SANTANDER",2016-01-18,17.76,17.76,17.76,17.76,111
"222","SANTANDER",2016-01-21,17.79,17.79,17.79,17.79,100
"223","SANTANDER",2016-01-22,17.3,18.49,17.3,18.49,132
"224","SANTANDER",2016-01-26,18.89,18.89,18.89,18.89,3
"225","SANTANDER",2016-01-27,18,18,17.88,17.88,100
"226","SANTANDER",2016-01-28,18.8,18.8,17.2,17.2,2291
"227","SANTANDER",2016-01-29,18.25,18.25,18.25,18.25,2
"228","SANTANDER",2016-02-02,16.99,16.99,16.25,16.99,3337
"229","SANTANDER",2016-02-03,16.2,16.2,15.49,15.49,680
"230","SANTANDER",2016-02-04,15.87,16.2,15.5,16.2,1851
"231","SANTANDER",2016-02-05,16.75,16.9,16.75,16.9,278
"232","SANTANDER",2016-02-08,16.9,16.9,16.57,16.57,170
"233","SANTANDER",2016-02-09,16,16,15.28,15.5,2072
"234","SANTANDER",2016-02-10,16,16.87,15.76,16.84,1132
"235","SANTANDER",2016-02-11,15.01,15.49,14.9,15.29,1720
"236","SANTANDER",2016-02-12,15.29,15.38,15,15.38,512
"237","SANTANDER",2016-02-15,15.45,16.2,15.45,16.2,236
"238","SANTANDER",2016-02-16,16.01,16.01,15.75,16.01,523
"239","SANTANDER",2016-02-17,15.51,16.4,15.51,16.4,455
"240","SANTANDER",2016-02-18,16.5,16.69,16.45,16.45,156430
"241","SANTANDER",2016-02-19,15.53,16.77,14.9,16.44,1518
"242","SANTANDER",2016-02-22,16.81,16.81,16.81,16.81,1
"243","SANTANDER",2016-02-23,16.1,16.25,15.2,15.2,10192
"244","SANTANDER",2016-02-24,15.3,16.79,15.2,16.48,1900
"245","SANTANDER",2016-02-25,15.5,16.24,15.49,16.24,992
"246","SANTANDER",2016-02-26,16.2,16.2,15.24,16,1653
"247","SANTANDER",2016-02-29,16,16.19,15.8,16.05,1212
"248","SANTANDER",2016-03-01,16.27,16.49,15.8,15.8,98
"249","SANTANDER",2016-03-02,16.79,17.39,16.77,17.18,5032
"250","SANTANDER",2016-03-03,17.1,17.46,17,17.46,890
"251","SANTANDER",2016-03-04,17.7,17.7,17.7,17.7,3806
"252","SANTANDER",2016-03-07,18.24,18.24,18,18,34
"253","SANTANDER",2016-03-08,17.6,18.15,16.92,18.15,3
"254","SANTANDER",2016-03-10,18.05,18.6,18.05,18.42,1374
"255","SANTANDER",2016-03-11,18.6,18.89,18.42,18.42,5124
"256","SANTANDER",2016-03-14,19.28,19.33,19.2,19.33,495
"257","SANTANDER",2016-03-15,19.49,19.49,19.48,19.48,930
"258","SANTANDER",2016-03-16,19.45,19.45,18.43,18.43,292
"259","SANTANDER",2016-03-17,18,19.3,17.45,19.3,214
"260","SANTANDER",2016-03-18,19.27,19.27,19.27,19.27,20
"261","SANTANDER",2016-03-21,19.99,19.99,19.99,19.99,2
"262","SANTANDER",2016-03-23,19,19,17.5,18.79,2089
"263","SANTANDER",2016-03-24,17.39,18.51,17.39,18.51,72
"264","SANTANDER",2016-03-29,17.16,17.98,17.15,17.98,596
"265","SANTANDER",2016-03-30,17.46,17.46,17.46,17.46,1
"266","SANTANDER",2016-03-31,17.46,17.46,16.49,16.71,495
"267","SANTANDER",2016-04-01,16.96,16.96,16.33,16.33,2124
"268","SANTANDER",2016-04-04,16.94,16.94,16.19,16.49,658
"269","SANTANDER",2016-04-05,16.49,16.89,15.8,16.89,1909
"270","SANTANDER",2016-04-06,15.7,16.45,15.6,16.19,8769
"271","SANTANDER",2016-04-07,16.41,16.41,15.21,15.5,2990
"272","SANTANDER",2016-04-08,15.99,15.99,15.99,15.99,1050
"273","SANTANDER",2016-04-11,15.97,16.76,15.55,16.73,887
"274","SANTANDER",2016-04-12,15.89,16.83,15.89,16.02,304
"275","SANTANDER",2016-04-13,16.19,17.29,16.1,17.11,6580
"276","SANTANDER",2016-04-14,17.29,17.59,17.29,17.55,1444
"277","SANTANDER",2016-04-15,17.4,17.4,17.37,17.37,186
"278","SANTANDER",2016-04-19,17.4,17.98,17.4,17.98,18
"279","SANTANDER",2016-04-20,17.98,18.6,17.77,18.6,184215
"280","SANTANDER",2016-04-21,18.77,19.11,18.6,19,151398
"281","SANTANDER",2016-04-22,19.42,19.47,19.28,19.47,144762
"282","SANTANDER",2016-04-27,19.44,20.69,19.44,20.18,5674
"283","SANTANDER",2016-04-28,20.3,20.3,20.1,20.1,600
"284","SANTANDER",2016-05-05,18.44,18.5,17.21,18.5,332
"285","SANTANDER",2016-05-06,17.52,17.52,17.52,17.52,1
"286","SANTANDER",2016-05-09,16.52,16.6,16.52,16.6,2
"287","SANTANDER",2016-05-10,17.51,18.68,17.51,18.68,42
"288","SANTANDER",2016-05-11,17.62,18.75,17.62,18.75,2
"289","SANTANDER",2016-05-12,17.52,20.7,17.52,18.9,1073
"290","SANTANDER",2016-05-13,20.5,20.5,17.9,18.79,1706
"291","SANTANDER",2016-05-16,17.8,18.68,17.8,18.68,502
"292","SANTANDER",2016-05-18,18.27,18.49,16.72,18.49,463
"293","SANTANDER",2016-05-19,18.2,18.48,16.76,17.8,1108
"294","SANTANDER",2016-05-20,16.97,18.29,16.97,18.29,211
"295","SANTANDER",2016-05-23,18.29,18.29,18,18,561
"296","SANTANDER",2016-05-24,17.2,18.39,17.2,18.39,203
"297","SANTANDER",2016-05-25,17.2,20.05,17.2,18.14,5691
"298","SANTANDER",2016-05-27,17.21,17.3,17.21,17.3,14
"299","SANTANDER",2016-05-30,17.99,17.99,17.5,17.5,4
"300","SANTANDER",2016-06-01,19.11,19.11,17.75,17.75,153
"301","SANTANDER",2016-06-02,18.65,18.65,18,18,51
"302","SANTANDER",2016-06-03,19,19,19,19,1
"303","SANTANDER",2016-06-06,17.93,18.93,17.93,18.92,2677
"304","SANTANDER",2016-06-07,19.34,19.89,19.34,19.89,42
"305","SANTANDER",2016-06-08,20.49,20.49,17.8,18.2,1501
"306","SANTANDER",2016-06-09,18.9,19.98,17.92,18.5,490
"307","SANTANDER",2016-06-10,19.88,19.88,17.16,17.4,1388
"308","SANTANDER",2016-06-13,17.85,18.6,16.6,17.62,882
"309","SANTANDER",2016-06-14,16.87,17.48,16.87,17.48,12
"310","SANTANDER",2016-06-15,16.9,16.98,16.1,16.95,4249
"311","SANTANDER",2016-06-16,16.2,16.87,16.02,16.87,717
"312","SANTANDER",2016-06-17,16.87,18.2,16.87,18.15,84
"313","SANTANDER",2016-06-20,18.1,18.1,16.35,16.6,4008
"314","SANTANDER",2016-06-21,16.45,17.5,16.1,16.41,309
"315","SANTANDER",2016-06-22,16.45,17.8,16.45,16.66,4144
"316","SANTANDER",2016-06-23,16.5,18.1,16.5,18.1,627
"317","SANTANDER",2016-06-24,16.45,16.5,14.6,16,50503
"318","SANTANDER",2016-06-27,15.97,16,15,15.35,4394
"319","SANTANDER",2016-06-28,15.35,15.55,15.3,15.53,1066
"320","SANTANDER",2016-06-29,15.6,15.6,15.5,15.6,1161
"321","SANTANDER",2016-06-30,15.3,15.53,14.77,15.53,700
"322","SANTANDER",2016-07-01,15.3,15.3,15.2,15.3,551
"323","SANTANDER",2016-07-04,15.3,16.35,15.3,16.3,2765
"324","SANTANDER",2016-07-05,16.3,16.3,15.2,15.59,1481
"325","SANTANDER",2016-07-06,15.05,15.05,14.78,14.99,8093
"326","SANTANDER",2016-07-07,15,15.77,15,15.77,1764
"327","SANTANDER",2016-07-08,14.76,15.69,14.76,14.82,4237
"328","SANTANDER",2016-07-11,15.59,15.78,15.4,15.78,2118
"329","SANTANDER",2016-07-12,15.78,17.24,14.82,16.8,3766
"330","SANTANDER",2016-07-13,16.8,16.8,15.8,16.67,3998
"331","SANTANDER",2016-07-14,15.32,16.71,15.32,15.9,3406
"332","SANTANDER",2016-07-15,16.7,16.99,16.69,16.81,2875
"333","SANTANDER",2016-07-18,15.91,17,15.91,16.6,451
"334","SANTANDER",2016-07-19,16.6,16.6,16.35,16.6,1193
"335","SANTANDER",2016-07-20,16.6,16.6,16.6,16.6,40
"336","SANTANDER",2016-07-21,16.7,16.91,16.7,16.7,577
"337","SANTANDER",2016-07-25,16.7,16.8,15.32,15.32,859
"338","SANTANDER",2016-07-26,16.2,16.69,15.45,15.45,379
"339","SANTANDER",2016-07-27,16.78,17.11,16.78,17,3466
"340","SANTANDER",2016-07-28,15.52,16,15.52,16,84
"341","SANTANDER",2016-07-29,17,17,17,17,3
"342","SANTANDER",2016-08-01,17,17,16.3,16.4,831
"343","SANTANDER",2016-08-02,16,16.19,15.4,16.19,9156
"344","SANTANDER",2016-08-03,15.45,15.45,15.1,15.2,5488
"345","SANTANDER",2016-08-04,15.4,15.79,15.4,15.79,51
"346","SANTANDER",2016-08-05,15.21,15.51,15.21,15.5,579
"347","SANTANDER",2016-08-08,15.12,16.21,15.12,16.2,2760
"348","SANTANDER",2016-08-10,16.2,16.2,16.2,16.2,1404
"349","SANTANDER",2016-08-12,16.38,16.4,16.2,16.39,832
"350","SANTANDER",2016-08-16,16.31,16.31,16.31,16.31,5
"351","SANTANDER",2016-08-19,15.8,15.8,15.8,15.8,134
"352","SANTANDER",2016-08-22,15.8,15.8,15.8,15.8,66
"353","SANTANDER",2016-08-23,15.8,15.91,15.8,15.8,3954
"354","SANTANDER",2016-08-24,16.29,16.69,16.29,16.5,914
"355","SANTANDER",2016-08-25,16.2,16.5,16.2,16.5,1078
"356","SANTANDER",2016-08-26,16.6,16.7,16.6,16.6,3390
"357","SANTANDER",2016-08-29,16.61,16.61,16.5,16.6,600
"358","SANTANDER",2016-08-30,16.89,17.01,16.7,17,2346
"359","SANTANDER",2016-08-31,17.41,17.9,17.2,17.9,465
"360","SANTANDER",2016-09-01,17.7,18,17,17,1860
"361","SANTANDER",2016-09-05,18.3,18.3,18.3,18.3,3
"362","SANTANDER",2016-09-06,18.2,18.2,18.2,18.2,140
"363","SANTANDER",2016-09-08,18.3,18.3,18.3,18.3,90
"364","SANTANDER",2016-09-09,18.2,18.3,16.52,16.52,2221
"365","SANTANDER",2016-09-12,16,17.5,16,17.5,240
"366","SANTANDER",2016-09-13,17.5,18,17.5,17.55,1300
"367","SANTANDER",2016-09-14,17.5,18.1,17.39,18.1,1071
"368","SANTANDER",2016-09-15,17.6,18.05,17.6,18.05,7
"369","SANTANDER",2016-09-16,17.9,17.9,16.7,17.6,455
"370","SANTANDER",2016-09-19,17.24,17.24,17.24,17.24,100
"371","SANTANDER",2016-09-21,16.92,18.09,16.8,18.09,1050
"372","SANTANDER",2016-09-22,17.8,18,17.6,17.6,115
"373","SANTANDER",2016-09-23,17.4,17.4,17.3,17.3,62
"374","SANTANDER",2016-09-26,17,18.26,16.6,18.26,576
"375","SANTANDER",2016-09-28,16.71,17.09,16.71,16.8,643
"376","SANTANDER",2016-09-29,16.72,17.19,16.72,17.19,1290
"377","SANTANDER",2016-09-30,16.1,16.2,16.1,16.2,5
"378","SANTANDER",2016-10-03,17.39,17.39,17.2,17.2,77
"379","SANTANDER",2016-10-04,17.2,17.2,16.3,17.19,61
"380","SANTANDER",2016-10-06,17.09,17.34,17.09,17.34,89
"381","SANTANDER",2016-10-07,17.1,17.1,17.1,17.1,11
"382","SANTANDER",2016-10-10,16.9,16.9,16.9,16.9,4
"383","SANTANDER",2016-10-12,16.9,16.9,16.9,16.9,50
"384","SANTANDER",2016-10-13,17.5,17.5,17.2,17.2,110
"385","SANTANDER",2016-10-14,17,17.2,17,17.2,150
"386","SANTANDER",2016-10-18,17.18,17.5,17.18,17.5,127
"387","SANTANDER",2016-10-19,17.55,17.55,17.55,17.55,180
"388","SANTANDER",2016-10-20,17.99,18.26,17.99,18.26,876
"389","SANTANDER",2016-10-21,18.09,18.6,18.09,18.3,2714
"390","SANTANDER",2016-10-24,18.6,19.39,18.6,19.39,253
"391","SANTANDER",2016-10-25,19.1,19.1,19,19,250
"392","SANTANDER",2016-10-26,19.37,19.39,19,19,5016
"393","SANTANDER",2016-10-27,19.2,19.49,19.15,19.4,2240
"394","SANTANDER",2016-10-28,19.45,19.47,19.45,19.47,40
"395","SANTANDER",2016-10-31,19.4,19.4,19.4,19.4,10
"396","SANTANDER",2016-11-02,19.31,19.31,19.31,19.31,25
"397","SANTANDER",2016-11-03,19.53,19.53,19.53,19.53,30
"398","SANTANDER",2016-11-08,18.5,18.5,18.5,18.5,50
"399","SANTANDER",2016-11-09,18.6,18.6,18.6,18.6,125
"400","SANTANDER",2016-11-10,19.31,19.88,19.31,19.85,4081
"401","SANTANDER",2016-11-15,19.1,20,19.1,20,101
"402","SANTANDER",2016-11-16,18.01,19.55,18.01,19.55,19
"403","SANTANDER",2016-11-17,19.01,19.3,19.01,19.1,151
"404","SANTANDER",2016-11-18,19.2,19.2,19.2,19.2,41
"405","SANTANDER",2016-11-23,18.8,18.9,18.8,18.9,4
"406","SANTANDER",2016-11-24,19.2,19.2,19.2,19.2,20
"407","SANTANDER",2016-11-25,19.1,19.1,19.1,19.1,105
"408","SANTANDER",2016-11-28,19.1,19.1,19.1,19.1,3
"409","SANTANDER",2016-11-30,19.3,19.3,18.6,19.3,97
"410","SANTANDER",2016-12-01,19.25,19.25,19.25,19.25,17
"411","SANTANDER",2016-12-02,19,19,19,19,8
"412","SANTANDER",2016-12-06,19.89,20,19.89,20,1212
"413","SANTANDER",2016-12-07,20,20.8,20,20.6,9499
"414","SANTANDER",2016-12-08,20.8,22,20.8,22,6290
"415","SANTANDER",2016-12-09,23,23,21.8,21.8,230
"416","SANTANDER",2016-12-13,21.4,21.99,21.4,21.81,114
"417","SANTANDER",2016-12-15,23,23,22.9,22.9,131
"418","SANTANDER",2016-12-19,22.4,22.4,22.4,22.4,10
"419","SANTANDER",2016-12-22,21,22.3,21,21.7,91
"420","SANTANDER",2016-12-23,21.7,21.7,21.7,21.7,51
"421","SANTANDER",2016-12-27,21.3,22,21.3,22,1180
"422","SANTANDER",2016-12-28,21,21.4,19.65,21.4,163
"423","SANTANDER",2016-12-29,22.6,22.6,22.6,22.6,47
"424","SANTANDER",2017-01-03,22.6,22.6,22.6,22.6,25
"425","SANTANDER",2017-01-09,22.8,22.8,22.8,22.8,66
"426","SANTANDER",2017-01-13,21.99,23,21.99,23,95
"427","SANTANDER",2017-01-16,22.9,22.9,22.9,22.9,6
"428","SANTANDER",2017-01-17,22.7,22.7,22.7,22.7,217
"429","SANTANDER",2017-01-18,21.8,22.6,21.8,22.6,7
"430","SANTANDER",2017-01-25,23,23.51,23,23.42,10967
"431","SANTANDER",2017-01-26,23.42,25.04,23.42,24,315
"432","SANTANDER",2017-01-27,23.42,24.9,22.6,24.9,148
"433","SANTANDER",2017-01-30,22.9,22.9,22.9,22.9,40
"434","SANTANDER",2017-01-31,22.7,24.19,22.7,24.19,125
"435","SANTANDER",2017-02-01,24.19,24.19,24.19,24.19,115
"436","SANTANDER",2017-02-03,24.3,24.3,24.3,24.3,25
"437","SANTANDER",2017-02-07,24.1,24.7,22,24.7,1431
"438","SANTANDER",2017-02-08,22,22.3,21.7,22.3,20563
"439","SANTANDER",2017-02-09,22.3,23.78,22.3,23.78,261
"440","SANTANDER",2017-02-10,22.2,23,21.8,21.8,3788
"441","SANTANDER",2017-02-13,22.79,22.79,22.4,22.4,114
"442","SANTANDER",2017-02-14,22.4,22.79,22.1,22.79,121
"443","SANTANDER",2017-02-15,22.35,22.5,22.35,22.5,8223
"444","SANTANDER",2017-02-16,22.3,22.3,22.3,22.3,69
"445","SANTANDER",2017-02-21,22.3,22.3,21.8,22,1002
"446","SANTANDER",2017-02-22,22.3,22.3,22.3,22.3,441
"447","SANTANDER",2017-02-24,21.9,21.9,21.9,21.9,50
"448","SANTANDER",2017-02-27,21.7,21.8,21.7,21.8,73
"449","SANTANDER",2017-02-28,22.2,22.2,22.2,22.2,3
"450","SANTANDER",2017-03-01,22.19,22.6,22.19,22.6,850
"451","SANTANDER",2017-03-03,22.6,22.9,22.6,22.9,671
"452","SANTANDER",2017-03-06,22.6,23.1,22.6,23.1,13066
"453","SANTANDER",2017-03-08,22.9,22.9,22.9,22.9,2000
"454","SANTANDER",2017-03-09,22.9,23.2,22.9,23.2,18170
"455","SANTANDER",2017-03-10,23.5,24.19,22.7,24.19,10388
"456","SANTANDER",2017-03-16,24.25,24.25,24,24.15,1019
"457","SANTANDER",2017-03-17,24.2,24.7,24.2,24.6,600
"458","SANTANDER",2017-03-21,24.65,24.65,24.65,24.65,68
"459","SANTANDER",2017-03-22,23.99,24.5,23.99,24.5,350
"460","SANTANDER",2017-03-23,24.48,24.48,24.48,24.48,73
"461","SANTANDER",2017-03-27,24,24.65,23.8,24.65,172
"462","SANTANDER",2017-03-28,24.01,24.5,24,24.5,172
"463","SANTANDER",2017-03-29,24.69,24.69,24.69,24.69,10
"464","SANTANDER",2017-03-31,23.88,23.9,23.88,23.9,146
"465","SANTANDER",2017-04-03,24,24.5,24,24.16,284
"466","SANTANDER",2017-04-04,24.12,24.2,24.12,24.2,220
"467","SANTANDER",2017-04-05,24.13,24.2,24.13,24.2,295
"468","SANTANDER",2017-04-06,23.9,23.9,23.9,23.9,73
"469","SANTANDER",2017-04-07,24.14,24.14,24,24,236
"470","SANTANDER",2017-04-10,24.1,24.7,24.1,24.7,10
"471","SANTANDER",2017-04-13,23.5,23.5,23.1,23.29,150
"472","SANTANDER",2017-04-18,23.35,23.35,22.9,22.9,146
"473","SANTANDER",2017-04-19,23.4,23.4,23.4,23.4,73
"474","SANTANDER",2017-04-20,23.9,24.4,23.9,24.4,242
"475","SANTANDER",2017-04-21,23.86,24.7,23.86,24.7,602
"476","SANTANDER",2017-04-24,24.7,25.4,24.7,25.14,301
"477","SANTANDER",2017-04-25,25.2,26.5,25,25.7,884
"478","SANTANDER",2017-04-27,25.5,26.5,25.5,26.5,52
"479","SANTANDER",2017-04-28,26.5,26.5,25.3,26.45,142
"480","SANTANDER",2017-05-02,25.9,25.9,25.9,25.9,30
"481","SANTANDER",2017-05-04,25.9,26,25.9,26,42
"482","SANTANDER",2017-05-05,25.81,26.35,25.8,26.35,994
"483","SANTANDER",2017-05-08,25,26.35,25,26.1,238
"484","SANTANDER",2017-05-09,26.24,26.24,26,26,175
"485","SANTANDER",2017-05-10,26.01,26.01,26.01,26.01,73
"486","SANTANDER",2017-05-12,25.3,25.3,25.3,25.3,73
"487","SANTANDER",2017-05-15,25.4,25.4,25.4,25.4,115
"488","SANTANDER",2017-05-17,25.5,25.7,25.07,25.22,292
"489","SANTANDER",2017-05-18,24.8,26.59,23.9,25,946
"490","SANTANDER",2017-05-19,27,27,24.19,24.8,150
"491","SANTANDER",2017-05-22,26.8,26.8,26.8,26.8,2
"492","SANTANDER",2017-05-23,24.2,24.7,24,24.7,136
"493","SANTANDER",2017-05-24,26.8,26.8,24.7,26.4,293
"494","SANTANDER",2017-05-25,24.94,24.94,24.41,24.41,133
"495","SANTANDER",2017-05-26,24.45,24.45,24.22,24.22,58
"496","SANTANDER",2017-05-30,24.3,26,24.3,24.76,148
"497","SANTANDER",2017-06-01,24.3,24.3,23.9,23.9,146
"498","SANTANDER",2017-06-02,24.7,24.7,24.7,24.7,2
"499","SANTANDER",2017-06-06,24.1,24.1,24.1,24.1,73
"500","SANTANDER",2017-06-07,24.38,24.38,24.38,24.38,73
"501","SANTANDER",2017-06-08,24.5,25.4,24.5,24.92,944
"502","SANTANDER",2017-06-09,24.8,25.2,24.8,25.2,175
"503","SANTANDER",2017-06-12,25.11,25.9,25.11,25.9,146
"504","SANTANDER",2017-06-13,23.6,24.5,23.6,24.5,47
"505","SANTANDER",2017-06-14,25.54,25.54,25,25.5,82
"506","SANTANDER",2017-06-16,26,26,24.48,26,445
"507","SANTANDER",2017-06-19,26,26,25.4,25.4,11
"508","SANTANDER",2017-06-27,24.9,24.9,24.9,24.9,3
"509","SANTANDER",2017-06-28,24.8,24.9,24.8,24.9,114
"510","SANTANDER",2017-06-30,24.95,24.95,24.9,24.9,146
"511","SANTANDER",2017-07-03,24.95,24.95,24.95,24.95,43
"512","SANTANDER",2017-07-04,25.16,25.16,25.16,25.16,73
"513","SANTANDER",2017-07-05,25.5,25.5,25.5,25.5,100
"514","SANTANDER",2017-07-06,24.87,25.9,24.87,25.9,106
"515","SANTANDER",2017-07-07,25.16,25.16,25.16,25.16,38
"516","SANTANDER",2017-07-10,25.77,25.77,25.77,25.77,28
"517","SANTANDER",2017-07-11,25.77,25.77,24.56,24.56,110
"518","SANTANDER",2017-07-13,24.55,25.04,24.55,24.72,121
"519","SANTANDER",2017-07-14,25,25,24.25,24.25,245
"520","SANTANDER",2017-07-17,25,25,24.2,24.2,169
"521","SANTANDER",2017-07-19,23.92,23.92,23.5,23.7,1210
"522","SANTANDER",2017-07-20,25.77,25.77,25.77,25.77,160
"523","SANTANDER",2017-07-21,25.69,25.69,24.21,24.21,75
"524","SANTANDER",2017-07-24,25,25,24.2,24.2,1380
"525","SANTANDER",2017-07-27,24.96,24.96,24.96,24.96,3
"526","SANTANDER",2017-07-28,23.71,25.17,23.71,24.82,263
"527","SANTANDER",2017-08-01,24.82,24.82,24.82,24.82,36
"528","SANTANDER",2017-08-03,24.03,24.05,24.03,24.05,181
"529","SANTANDER",2017-08-07,24.6,24.6,24.58,24.6,996
"530","SANTANDER",2017-08-09,25,25,24.58,24.58,23
"531","SANTANDER",2017-08-11,23.72,23.85,23.51,23.85,712
"532","SANTANDER",2017-08-14,23.85,24.24,23.79,23.79,448
"533","SANTANDER",2017-08-18,23.52,23.52,23.33,23.33,166
"534","SANTANDER",2017-08-23,23.33,23.33,23.33,23.33,200
"535","SANTANDER",2017-08-28,23.98,23.98,23.98,23.98,3
"536","SANTANDER",2017-08-31,23.33,24.4,23.33,24.4,273
"537","SANTANDER",2017-09-05,23,23.01,22.92,23.01,225
"538","SANTANDER",2017-09-06,22.93,22.93,22.81,22.83,242
"539","SANTANDER",2017-09-07,22.83,22.83,22.83,22.83,1
"540","SANTANDER",2017-09-08,23.01,23.2,23.01,23.2,58
"541","SANTANDER",2017-09-11,23.03,23.03,23.03,23.03,32
"542","SANTANDER",2017-09-12,24.03,24.03,23.41,23.41,6
"543","SANTANDER",2017-09-13,23.79,23.79,23.79,23.79,13
"544","SANTANDER",2017-09-14,24.09,24.09,23.87,23.99,81
"545","SANTANDER",2017-09-15,23.99,23.99,23.9,23.9,90
"546","SANTANDER",2017-09-18,24.09,24.09,24.05,24.05,58
"547","SANTANDER",2017-09-21,24,24.4,24,24.03,942
"548","SANTANDER",2017-09-26,24.74,24.74,24.74,24.74,1
"549","SANTANDER",2017-09-27,24.95,25.29,24.95,25.29,385
"550","SANTANDER",2017-09-28,25.5,25.51,25.5,25.51,108
"551","SANTANDER",2017-10-02,24.59,24.59,24.59,24.59,11000
"552","SANTANDER",2017-10-03,24.94,24.94,24.94,24.94,60
"553","SANTANDER",2017-10-05,24.3,25.5,24.3,25.5,125
"554","SANTANDER",2017-10-09,24.81,24.81,24.81,24.81,100
"555","SANTANDER",2017-10-10,25.32,25.32,25.32,25.32,65
"556","SANTANDER",2017-10-12,24.32,24.32,24.32,24.32,250
"557","SANTANDER",2017-10-13,23.89,23.89,23.89,23.89,82
"558","SANTANDER",2017-10-16,23.81,23.81,23.61,23.61,248
"559","SANTANDER",2017-10-18,23.43,23.43,23.43,23.43,5
"560","SANTANDER",2017-10-24,23.32,23.32,23.32,23.32,250
"561","SANTANDER",2017-10-27,24.34,24.34,24.34,24.34,65
"562","SANTANDER",2017-10-30,24.61,24.61,24.61,24.61,25
"563","SANTANDER",2017-10-31,24.8,24.8,24.8,24.8,104
"564","SANTANDER",2017-11-03,24.61,24.61,24.61,24.61,130
"565","SANTANDER",2017-11-06,25.09,25.09,24.4,24.4,5
"566","SANTANDER",2017-11-08,23.7,24.5,23.7,24.5,27
"567","SANTANDER",2017-11-09,24.03,24.03,24.03,24.03,34
"568","SANTANDER",2017-11-10,23.99,23.99,23.99,23.99,4
"569","SANTANDER",2017-11-13,24.5,24.5,24.5,24.5,86
"570","SANTANDER",2017-11-14,23.67,23.67,23.65,23.65,110
"571","SANTANDER",2017-11-15,24.4,24.4,23.2,23.2,103
"572","SANTANDER",2017-11-16,23.2,23.85,23.2,23.85,40
"573","SANTANDER",2017-11-17,23.22,23.22,23.22,23.22,4
"574","SANTANDER",2017-11-21,23.55,23.55,23.55,23.55,78
"575","SANTANDER",2017-11-22,23.06,23.63,23.06,23.63,240
"576","SANTANDER",2017-11-23,24.3,24.3,23.38,23.38,72
"577","SANTANDER",2017-11-27,23.54,23.84,23.54,23.84,101
"578","SANTANDER",2017-11-28,24.98,24.98,24.98,24.98,3
"579","SANTANDER",2017-11-29,24.95,24.95,24.95,24.95,40
"580","SANTANDER",2017-12-04,24.76,24.76,24.76,24.76,20
"581","SANTANDER",2017-12-06,24.4,24.4,24.4,24.4,1
"582","SANTANDER",2017-12-07,22.55,23.4,22.55,23.02,391
"583","SANTANDER",2017-12-08,23.85,24.87,23.55,23.55,125
"584","SANTANDER",2017-12-11,24.88,24.88,24.07,24.07,23
"585","SANTANDER",2017-12-12,23.7,23.7,23.7,23.7,70
"586","SANTANDER",2017-12-13,23.85,23.87,23.85,23.87,246
"587","SANTANDER",2017-12-14,23.65,23.65,23.54,23.54,163
"588","SANTANDER",2017-12-15,23.53,23.53,23.53,23.53,20
"589","SANTANDER",2017-12-18,23.6,23.61,23.6,23.61,900
"590","SANTANDER",2017-12-19,23.69,23.69,23.69,23.69,80
"591","SANTANDER",2017-12-20,23.78,23.78,23.78,23.78,320
"592","SANTANDER",2017-12-21,23.61,23.61,23.61,23.61,22
"593","SANTANDER",2017-12-22,23.61,23.61,23.61,23.61,24
"594","SANTANDER",2017-12-27,23.99,23.99,23.94,23.94,246
"595","SANTANDER",2017-12-28,23.05,23.42,23.05,23.42,328
"596","SANTANDER",2017-12-29,23.1,24.1,23.1,24.01,315
"597","SANTANDER",2018-01-03,23.73,23.73,23.73,23.73,66
"598","SANTANDER",2018-01-04,23.03,24.02,23.03,24.02,4
"599","SANTANDER",2018-01-08,23.96,23.96,23.96,23.96,73
"600","SANTANDER",2018-01-09,23.72,24.62,23.72,24.62,101
"601","SANTANDER",2018-01-11,23.2,24.64,23.2,24.64,184
"602","SANTANDER",2018-01-12,24.64,24.64,24.64,24.64,29
"603","SANTANDER",2018-01-15,24.97,24.97,24.97,24.97,10
"604","SANTANDER",2018-01-22,24.99,25,24.99,25,483
"605","SANTANDER",2018-01-24,25.3,25.3,25.28,25.28,117
"606","SANTANDER",2018-01-26,25.3,25.3,25.3,25.3,59
"607","SANTANDER",2018-01-29,25.3,25.3,25.29,25.29,65
"608","SANTANDER",2018-01-30,24.94,24.94,24.47,24.47,283
"609","SANTANDER",2018-01-31,25.5,25.5,25.5,25.5,1
"610","SANTANDER",2018-02-02,25.4,25.4,24.66,24.68,772
"611","SANTANDER",2018-02-05,25.4,25.4,23.95,25.4,86
"612","SANTANDER",2018-02-06,23.14,25.4,23.14,25.4,7407
"613","SANTANDER",2018-02-07,25.4,25.4,23.53,23.53,3048
"614","SANTANDER",2018-02-09,23.13,24.13,23.13,24.13,6
"615","SANTANDER",2018-02-12,22.7,23.25,22.7,23.21,600
"616","SANTANDER",2018-02-13,23.21,23.21,23.21,23.21,50
"617","SANTANDER",2018-02-19,23.2,24.09,23.2,24.09,79
"618","SANTANDER",2018-02-21,23.25,23.25,23.25,23.25,34
"619","SANTANDER",2018-02-22,23.87,23.87,23.87,23.87,3
"620","SANTANDER",2018-02-23,23.87,23.87,23.87,23.87,45
"621","SANTANDER",2018-02-27,24.08,24.08,24.08,24.08,3
"622","SANTANDER",2018-03-02,23.24,23.24,22.98,23,396
"623","SANTANDER",2018-03-05,23.93,23.93,23.93,23.93,1
"624","SANTANDER",2018-03-06,23.05,24.01,23.05,24.01,2
"625","SANTANDER",2018-03-09,23.2,23.2,23.2,23.2,4
"626","SANTANDER",2018-03-12,23.31,23.31,23.31,23.31,10
"627","SANTANDER",2018-03-14,23.1,23.1,23.1,23.1,59
"628","SANTANDER",2018-03-19,23.15,23.15,23.15,23.15,9
"629","SANTANDER",2018-03-20,22.96,22.96,22.96,22.96,1
"630","SANTANDER",2018-03-22,22.3,22.3,22.3,22.3,40
"631","SANTANDER",2018-03-26,22.95,22.95,22.95,22.95,1
"632","SANTANDER",2018-03-28,22.15,22.15,21.58,21.7,172
"633","SANTANDER",2018-04-04,22.19,22.19,21.75,21.75,55
"634","SANTANDER",2018-04-05,22.19,22.2,22.19,22.2,67
"635","SANTANDER",2018-04-16,22.35,22.35,22.35,22.35,69
"636","SANTANDER",2018-04-23,23.04,23.04,23.04,23.04,66
"637","SANTANDER",2018-04-24,23.1,24,23,24,73
"638","SANTANDER",2018-04-25,22.51,22.64,22.51,22.64,31
"639","SANTANDER",2018-04-26,23.9,23.9,22.57,22.57,202
"640","SANTANDER",2018-04-27,22.82,22.82,22.82,22.82,3
"641","SANTANDER",2018-04-30,22.82,22.82,22.82,22.82,100
"642","SANTANDER",2018-05-04,23.89,23.89,22.67,22.67,88
"643","SANTANDER",2018-05-07,22.72,22.72,22.72,22.72,110
"644","SANTANDER",2018-05-14,23.3,23.3,23.3,23.3,55
"645","SANTANDER",2018-05-18,22.75,23.9,22.72,23.9,26
"646","SANTANDER",2018-05-21,23,23.9,23,23.9,6
"647","SANTANDER",2018-05-23,23.5,23.5,23.5,23.5,20
"648","SANTANDER",2018-05-24,23,23,21.58,21.58,44
"649","SANTANDER",2018-05-25,19.5,21.4,19.5,21.4,62
"650","SANTANDER",2018-05-28,21.65,21.72,21.25,21.25,279
"651","SANTANDER",2018-05-29,20.29,21.19,20,20,252
"652","SANTANDER",2018-06-01,20.47,21.17,20.47,21.17,7
"653","SANTANDER",2018-06-04,20.67,20.67,20.67,20.67,343781
"654","SANTANDER",2018-06-05,21,21,21,21,30
"655","SANTANDER",2018-06-06,21,21,21,21,100
"656","SANTANDER",2018-06-11,20,21.48,20,21.48,40
"657","SANTANDER",2018-06-20,20.53,20.53,20.53,20.53,10
"658","SANTANDER",2018-06-26,20.53,20.53,20.53,20.53,33
"659","SANTANDER",2018-06-28,20.93,20.93,20.93,20.93,3
"660","SANTANDER",2018-07-04,20.93,20.93,20.93,20.93,4
"661","SANTANDER",2018-07-06,20.84,20.84,20.84,20.84,25
"662","SANTANDER",2018-07-13,20.39,20.39,20.2,20.2,3525
"663","SANTANDER",2018-07-16,20.3,20.3,20.3,20.3,186
"664","SANTANDER",2018-07-26,20.85,20.85,20.17,20.17,71
"665","SANTANDER",2018-07-27,20.93,20.93,20.93,20.93,3
"666","SANTANDER",2018-07-30,20.79,20.79,20.79,20.79,100
"667","SANTANDER",2018-07-31,20.72,20.72,20.72,20.72,144
"668","SANTANDER",2018-08-02,20.66,20.66,20.18,20.18,264
"669","SANTANDER",2018-08-03,20.1,20.1,20.1,20.1,5
"670","SANTANDER",2018-08-09,19.9,19.9,19.9,19.9,200
"671","SANTANDER",2018-08-10,19.9,19.9,19.5,19.5,320
"672","SANTANDER",2018-08-13,19,19,19,19,107
"673","SANTANDER",2018-08-16,19.1,19.1,19,19,161
"674","SANTANDER",2018-08-17,19,19,18.81,18.85,270
"675","SANTANDER",2018-08-20,18.9,18.9,18.9,18.9,50
"676","SANTANDER",2018-08-22,19,19,19,19,16
"677","SANTANDER",2018-08-28,18.8,18.8,18.6,18.6,474
"678","SANTANDER",2018-08-29,19.74,19.74,19.73,19.73,22
"679","SANTANDER",2018-08-30,19.5,19.5,19.4,19.4,325
"680","SANTANDER",2018-08-31,19.26,19.26,19.16,19.16,200
"681","SANTANDER",2018-09-03,20.93,20.93,20.93,20.93,1
"682","SANTANDER",2018-09-04,19.5,19.5,18.46,18.5,670
"683","SANTANDER",2018-09-05,18.11,19.26,18.11,19.26,11
"684","SANTANDER",2018-09-06,19.1,19.1,19.1,19.1,50
"685","SANTANDER",2018-09-07,18.2,18.2,18.2,18.2,5
"686","SANTANDER",2018-09-10,18.96,20,18.96,20,291
"687","SANTANDER",2018-09-11,20.85,20.85,18.45,20.55,1068
"688","SANTANDER",2018-09-12,18.44,19.32,18.02,18.5,1173
"689","SANTANDER",2018-09-13,18.51,19.48,18.24,18.3,618
"690","SANTANDER",2018-09-17,18.9,19.76,18.9,19.76,161
"691","SANTANDER",2018-09-18,19.61,19.61,18.71,18.71,100
"692","SANTANDER",2018-09-21,19.75,19.75,19.5,19.73,820
"693","SANTANDER",2018-09-24,19.75,19.75,19.5,19.5,725
"694","SANTANDER",2018-09-25,19.5,19.5,19.5,19.5,10
"695","SANTANDER",2018-09-26,19.47,19.47,19.47,19.47,100
"696","SANTANDER",2018-09-27,19.74,19.74,19.2,19.2,132
"697","SANTANDER",2018-09-28,19.05,19.05,18.67,18.7,8435
"698","SANTANDER",2018-10-01,19,19.74,18.7,19.74,66
"699","SANTANDER",2018-10-04,20,20.35,18.74,20.35,529
"700","SANTANDER",2018-10-05,18.96,19.8,18.96,19.73,746
"701","SANTANDER",2018-10-08,19,19.8,19,19.8,154
"702","SANTANDER",2018-10-09,19.77,19.77,19.65,19.65,1004
"703","SANTANDER",2018-10-10,19.55,19.55,18.59,19.27,679
"704","SANTANDER",2018-10-11,19.27,19.27,19.27,19.27,5
"705","SANTANDER",2018-10-12,18.51,18.51,18.51,18.51,200
"706","SANTANDER",2018-10-15,18.53,18.53,18.22,18.5,255
"707","SANTANDER",2018-10-16,18.29,18.29,18.29,18.29,100
"708","SANTANDER",2018-10-17,19.2,19.2,18.95,18.95,30
"709","SANTANDER",2018-10-18,19.19,19.19,18.2,18.2,465
"710","SANTANDER",2018-10-19,18.2,19.2,17.7,19.2,211
"711","SANTANDER",2018-10-22,18,18.1,17.74,17.74,280
"712","SANTANDER",2018-10-24,18.43,18.43,18.43,18.43,30
"713","SANTANDER",2018-10-25,17.8,19.2,17.8,19.2,3
"714","SANTANDER",2018-10-29,18.96,18.96,17.79,17.79,113
"715","SANTANDER",2018-10-30,17.78,17.78,17.78,17.78,100
"716","SANTANDER",2018-11-05,19.2,19.2,19.2,19.2,1
"717","SANTANDER",2018-11-06,19.19,19.19,19.14,19.14,312
"718","SANTANDER",2018-11-07,19.14,19.14,18.42,18.42,17
"719","SANTANDER",2018-11-08,18.42,19.13,18.42,19.13,114
"720","SANTANDER",2018-11-14,19,19,19,19,5
"721","SANTANDER",2018-11-15,18.91,18.91,18.91,18.91,3
"722","SANTANDER",2018-11-21,18.89,18.89,18.89,18.89,100
"723","SANTANDER",2018-11-22,18.9,18.9,17.4,17.77,685
"724","SANTANDER",2018-11-23,17.7,17.7,17.53,17.65,1550
"725","SANTANDER",2018-11-26,18,18,17.77,17.77,137
"726","SANTANDER",2018-11-27,17.8,18.72,17.8,18.72,79
"727","SANTANDER",2018-11-28,18.72,18.72,18.06,18.06,1695
"728","SANTANDER",2018-11-30,18.1,18.75,18.05,18.75,451
"729","SANTANDER",2018-12-03,18.52,18.63,17.61,18.63,63
"730","SANTANDER",2018-12-04,18.63,18.63,18.39,18.39,180
"731","SANTANDER",2018-12-05,18.34,18.34,18.34,18.34,50
"732","SANTANDER",2018-12-06,18.75,18.75,17.28,17.28,1894
"733","SANTANDER",2018-12-07,17.5,17.5,17.3,17.3,120
"734","SANTANDER",2018-12-10,17.85,17.85,17.1,17.1,1705
"735","SANTANDER",2018-12-11,17.1,17.1,17.09,17.09,143
"736","SANTANDER",2018-12-12,17.8,17.8,17.52,17.52,65
"737","SANTANDER",2018-12-13,17.52,17.52,17.52,17.52,1060
"738","SANTANDER",2018-12-14,17.43,17.43,17.43,17.43,206
"739","SANTANDER",2018-12-18,17.4,17.4,17.4,17.4,5
"740","SANTANDER",2018-12-19,16.8,17.82,16.8,17.46,300
"741","SANTANDER",2018-12-20,17.41,17.41,17.35,17.35,118
"742","SANTANDER",2018-12-21,17.3,17.3,17,17,308
"743","SANTANDER",2018-12-27,17,17.72,16.8,16.8,154
"744","SANTANDER",2018-12-28,16.86,16.86,16.86,16.86,100
"745","SANTANDER",2019-01-02,17.48,17.48,16.8,17.46,312
"746","SANTANDER",2019-01-03,17.46,17.46,17.25,17.25,361
"747","SANTANDER",2019-01-04,17.48,17.84,17.48,17.8,1280
"748","SANTANDER",2019-01-07,17.88,18.3,17.88,18.1,2592
"749","SANTANDER",2019-01-09,18.1,18.5,18.1,18.4,826
"750","SANTANDER",2019-01-10,18.4,18.5,18.4,18.49,487
"751","SANTANDER",2019-01-11,18.45,18.6,18.42,18.51,1386
"752","SANTANDER",2019-01-14,18.55,18.55,18.3,18.3,230
"753","SANTANDER",2019-01-15,18.47,18.59,18.3,18.48,191
"754","SANTANDER",2019-01-16,18.48,18.5,18.35,18.5,161
"755","SANTANDER",2019-01-17,18.5,18.55,18.15,18.52,331
"756","SANTANDER",2019-01-18,18.9,18.9,18.75,18.75,383
"757","SANTANDER",2019-01-21,18.9,18.9,18.84,18.84,213
"758","SANTANDER",2019-01-22,18.9,18.9,18.82,18.82,229
"759","SANTANDER",2019-01-24,18.76,18.9,18.7,18.81,1781
"760","SANTANDER",2019-01-25,18.9,19.03,18.9,18.9,21990
"761","SANTANDER",2019-01-28,18.8,18.8,18.7,18.8,379
"762","SANTANDER",2019-01-29,18.79,19.7,18.6,18.6,1108
"763","SANTANDER",2019-01-30,18.7,18.7,18.3,18.3,295
"764","SANTANDER",2019-01-31,18,18.45,17.59,17.59,649
"765","SANTANDER",2019-02-01,17.62,17.74,17.2,17.74,1593
"766","SANTANDER",2019-02-04,17.5,17.79,17.2,17.73,999
"767","SANTANDER",2019-02-05,17.78,17.78,17.5,17.5,454
"768","SANTANDER",2019-02-06,17.7,17.79,17.47,17.47,783
"769","SANTANDER",2019-02-07,17.4,17.5,17.4,17.5,800
"770","SANTANDER",2019-02-08,17.5,18.09,17.22,17.22,264
"771","SANTANDER",2019-02-11,17.34,17.34,17.34,17.34,9
"772","SANTANDER",2019-02-12,17.55,17.7,17.55,17.7,435
"773","SANTANDER",2019-02-13,17.5,17.5,17.5,17.5,300
"774","SANTANDER",2019-02-14,18.1,18.1,18.1,18.1,1
"775","SANTANDER",2019-02-15,17.36,18.02,17.36,17.56,1719
"776","SANTANDER",2019-02-18,18,18.08,18,18.08,1306
"777","SANTANDER",2019-02-19,18.04,18.04,17.85,17.85,444
"778","SANTANDER",2019-02-20,17.99,17.99,17.58,17.95,1295
"779","SANTANDER",2019-02-22,18,18,18,18,222
"780","SANTANDER",2019-02-25,18.04,18.15,18,18,422
"781","SANTANDER",2019-02-26,18.13,18.53,18.13,18.53,270
"782","SANTANDER",2019-02-27,18.5,18.5,17.75,18.24,253
"783","SANTANDER",2019-02-28,18.25,18.25,18.25,18.25,100
"784","SANTANDER",2019-03-01,18.5,18.55,18.4,18.4,6518
"785","SANTANDER",2019-03-04,18.6,18.654,18.5,18.654,2227
"786","SANTANDER",2019-03-05,18.7,18.7,18.012,18.594,13921
"787","SANTANDER",2019-03-06,18.2,18.6,18.098,18.6,2205
"788","SANTANDER",2019-03-07,18.5,18.54,18,18.496,4531
"789","SANTANDER",2019-03-08,18.488,18.488,17.65,17.65,880
"790","SANTANDER",2019-03-11,18.49,18.49,17.7,17.7,1047
"791","SANTANDER",2019-03-12,18.04,18.04,17.884,17.884,254
"792","SANTANDER",2019-03-13,18,18.2,18,18.2,615
"793","SANTANDER",2019-03-14,18.35,18.5,18.35,18.5,6285
"794","SANTANDER",2019-03-15,18.6,18.6,18.5,18.5,320
"795","SANTANDER",2019-03-18,18.72,19,18.72,19,1202
"796","SANTANDER",2019-03-19,19,19.494,18.5,19.022,1064
"797","SANTANDER",2019-03-20,19.05,19.05,19,19,210
"798","SANTANDER",2019-03-21,18.5,18.5,18.5,18.5,53
"799","SANTANDER",2019-03-22,18.56,18.56,18.5,18.5,1029
"800","SANTANDER",2019-03-25,18.488,18.488,18.488,18.488,20
"801","SANTANDER",2019-03-26,18,18.668,17.74,17.75,1194
"802","SANTANDER",2019-03-27,17.75,18.43,17.75,18,129
"803","SANTANDER",2019-03-28,18,18,17.8,17.85,1453
"804","SANTANDER",2019-03-29,18,18,17.85,17.85,243
"805","SANTANDER",2019-04-01,18.192,18.206,18.192,18.2,2575
"806","SANTANDER",2019-04-02,18.2,18.6,18.2,18.3,3299
"807","SANTANDER",2019-04-03,18.3,18.86,18,18.86,281
"808","SANTANDER",2019-04-04,18.86,19,18.506,18.506,1211
"809","SANTANDER",2019-04-05,18.86,18.86,18.78,18.78,96
"810","SANTANDER",2019-04-08,18.85,18.954,18.85,18.954,286
"811","SANTANDER",2019-04-09,19.5,19.5,18.95,19.29,923
"812","SANTANDER",2019-04-10,18.91,19.25,18.77,19.25,817
"813","SANTANDER",2019-04-11,19.25,19.25,18.6,19.2,632
"814","SANTANDER",2019-04-12,18.586,19.7,18.586,19.6,2057
"815","SANTANDER",2019-04-15,19.8,19.8,19.8,19.8,367
"816","SANTANDER",2019-04-16,19.8,19.8,19.772,19.784,112
"817","SANTANDER",2019-04-17,19.784,20,19.784,20,521
"818","SANTANDER",2019-04-23,20,20,19.004,19.004,388
"819","SANTANDER",2019-04-24,19.016,19.984,19.012,19.492,711
"820","SANTANDER",2019-04-25,19.51,19.51,19.51,19.51,27
"821","SANTANDER",2019-04-26,19.52,19.52,19.03,19.03,57
"822","SANTANDER",2019-04-29,19.98,19.98,19,19,625
"823","SANTANDER",2019-04-30,19,19.3,19,19.026,1075
"824","SANTANDER",2019-05-02,19.1,19.3,19,19.036,1075
"825","SANTANDER",2019-05-06,19.8,19.8,18.406,18.406,828
"826","SANTANDER",2019-05-07,18.4,18.5,18.4,18.5,320
"827","SANTANDER",2019-05-08,18.402,18.402,18.3,18.3,552
"828","SANTANDER",2019-05-09,18.2,18.2,18.134,18.134,850
"829","SANTANDER",2019-05-10,18.1,18.25,18,18,1069
"830","SANTANDER",2019-05-13,18,18,17.95,17.95,133
"831","SANTANDER",2019-05-14,17.95,17.95,17.8,17.8,745
"832","SANTANDER",2019-05-15,17.51,17.51,17.5,17.5,152
"833","SANTANDER",2019-05-16,17.5,18.46,17.5,18.46,397
"834","SANTANDER",2019-05-17,18.46,18.5,18.46,18.5,480
"835","SANTANDER",2019-05-21,18.492,18.492,18.458,18.458,35
"836","SANTANDER",2019-05-22,18.5,18.5,17.7,18.26,3587
"837","SANTANDER",2019-05-23,17.51,18.364,17.5,17.51,1435
"838","SANTANDER",2019-05-24,17.59,17.59,17.51,17.51,25
"839","SANTANDER",2019-05-27,16.554,17.07,16.554,17.07,1038
"840","SANTANDER",2019-05-28,17.97,17.97,17.97,17.97,78
"841","SANTANDER",2019-05-29,16.98,17.024,16.9,17.024,88
"842","SANTANDER",2019-05-30,17.3,17.3,17.3,17.3,90
"843","SANTANDER",2019-05-31,17.896,17.916,17,17.85,219
"844","SANTANDER",2019-06-03,17.2,17.792,16.92,16.92,2406
"845","SANTANDER",2019-06-04,16.926,16.926,16.926,16.926,1870
"846","SANTANDER",2019-06-05,17.9,17.9,17.006,17.006,2534
"847","SANTANDER",2019-06-06,18,18,17.05,17.05,471
"848","SANTANDER",2019-06-07,17.822,17.822,16.998,17.068,2003
"849","SANTANDER",2019-06-10,17,17,17,17,160
"850","SANTANDER",2019-06-11,17.798,17.798,17.798,17.798,103
"851","SANTANDER",2019-06-12,17.568,17.568,17.1,17.13,639
"852","SANTANDER",2019-06-13,17,17.122,17,17.12,4084
"853","SANTANDER",2019-06-14,17,17,17,17,377
"854","SANTANDER",2019-06-17,17,17.154,17,17.1,635
"855","SANTANDER",2019-06-18,16.92,16.92,16.9,16.9,380
"856","SANTANDER",2019-06-19,16.92,17.2,16.92,17.2,1915
"857","SANTANDER",2019-06-24,17.4,17.598,17,17,276
"858","SANTANDER",2019-06-25,17,17,16.9,16.9,60
"859","SANTANDER",2019-06-26,17.5,17.5,16.922,16.922,180
"860","SANTANDER",2019-06-27,17.696,17.696,17.4,17.4,103
"861","SANTANDER",2019-06-28,17.66,17.66,17.6,17.6,175
"862","SANTANDER",2019-07-01,17.66,17.66,17.5,17.5,65
"863","SANTANDER",2019-07-02,17.52,17.646,17.52,17.646,210
"864","SANTANDER",2019-07-03,17.66,17.66,17.4,17.4,1735
"865","SANTANDER",2019-07-04,17.66,17.7,17.6,17.6,2211
"866","SANTANDER",2019-07-05,17.8,17.9,17.8,17.9,310
"867","SANTANDER",2019-07-08,18,18,17.994,17.994,107
"868","SANTANDER",2019-07-09,18,18,18,18,5
"869","SANTANDER",2019-07-10,18,18,18,18,15
"870","SANTANDER",2019-07-11,18,18,18,18,100
"871","SANTANDER",2019-07-12,18,18,18,18,824
"872","SANTANDER",2019-07-15,18,18,17.008,17.008,143
"873","SANTANDER",2019-07-16,17.022,17.022,17.022,17.022,8
"874","SANTANDER",2019-07-18,17.996,17.996,17.996,17.996,2
"875","SANTANDER",2019-07-19,17.6,17.6,17.466,17.466,30
"876","SANTANDER",2019-07-22,17.49,17.5,17.1,17.1,1683
"877","SANTANDER",2019-07-24,17.8,17.8,17.4,17.43,843
"878","SANTANDER",2019-07-25,17.54,17.9,17.45,17.9,206
"879","SANTANDER",2019-07-29,17.5,17.5,17.5,17.5,180
"880","SANTANDER",2019-07-30,17.5,17.97,16.9,16.9,4013
"881","SANTANDER",2019-07-31,16.9,17.004,16.71,16.71,1000
"882","SANTANDER",2019-08-01,16.9,16.9,16.9,16.9,4
"883","SANTANDER",2019-08-02,16.7,16.7,16.098,16.422,1403
"884","SANTANDER",2019-08-05,17.11,17.11,16.1,16.15,1335
"885","SANTANDER",2019-08-06,16.68,16.68,16,16.01,475
"886","SANTANDER",2019-08-07,15.95,15.95,15.62,15.62,523
"887","SANTANDER",2019-08-08,15.62,16,15.62,16,294
"888","SANTANDER",2019-08-09,15.638,15.65,15.638,15.65,104
"889","SANTANDER",2019-08-12,15.65,15.65,15.6,15.6,526
"890","SANTANDER",2019-08-13,16.276,16.276,15.3,15.3,7306
"891","SANTANDER",2019-08-14,15.35,15.4,15.33,15.33,565
"892","SANTANDER",2019-08-16,15.35,15.39,15.34,15.39,175
"893","SANTANDER",2019-08-19,15.412,15.412,15.412,15.412,26
"894","SANTANDER",2019-08-20,16.146,16.148,15.38,15.38,348
"895","SANTANDER",2019-08-21,15.5,15.5,15.35,15.35,161
"896","SANTANDER",2019-08-22,15.35,15.6,15.32,15.6,422
"897","SANTANDER",2019-08-23,15.4,15.4,15.4,15.4,200
"898","SANTANDER",2019-08-26,16.15,16.15,15.4,15.42,249
"899","SANTANDER",2019-08-27,16.144,16.144,16.144,16.144,1
"900","SANTANDER",2019-08-28,16.08,16.08,16.08,16.08,6
"901","SANTANDER",2019-09-03,15.9,15.916,15.9,15.916,287
"902","SANTANDER",2019-09-04,16.2,16.2,15.02,15.15,4596
"903","SANTANDER",2019-09-05,15.15,15.15,15,15,130
"904","SANTANDER",2019-09-06,15.15,15.15,15,15,200
"905","SANTANDER",2019-09-09,15.2,15.2,15.2,15.2,54
"906","SANTANDER",2019-09-11,15.2,16.7,15.2,16.7,2378
"907","SANTANDER",2019-09-12,16.6,16.6,16.2,16.2,340
"908","SANTANDER",2019-09-13,16.58,16.58,16.58,16.58,129
"909","SANTANDER",2019-09-16,16.22,16.58,16.22,16.5,510
"910","SANTANDER",2019-09-17,16.58,16.58,16.3,16.46,192
"911","SANTANDER",2019-09-18,16.45,16.46,16.2,16.2,399
"912","SANTANDER",2019-09-19,16.58,16.66,16.58,16.66,400
"913","SANTANDER",2019-09-20,16.66,16.66,16.66,16.66,43
"914","SANTANDER",2019-09-23,16.66,16.66,16.1,16.2,60
"915","SANTANDER",2019-09-24,16.1,16.1,16.1,16.1,20
"916","SANTANDER",2019-09-25,16.6,16.6,16.6,16.6,133
"917","SANTANDER",2019-09-26,16.1,16.1,16.1,16.1,200
"918","SANTANDER",2019-09-27,16.1,16.1,16.1,16.1,9
"919","SANTANDER",2019-09-30,16.65,16.7,16.65,16.65,721
"920","SANTANDER",2019-10-02,16.65,16.65,16.2,16.65,7643
"921","SANTANDER",2019-10-03,16.2,16.95,15.5,15.5,1960
"922","SANTANDER",2019-10-04,16.97,16.97,15.654,15.654,1257
"923","SANTANDER",2019-10-08,16.54,16.54,15.1,15.25,4719
"924","SANTANDER",2019-10-10,15.3,15.67,15.3,15.67,135
"925","SANTANDER",2019-10-11,16.26,16.26,16.2,16.2,317
"926","SANTANDER",2019-10-14,16.21,16.21,16.2,16.2,551
"927","SANTANDER",2019-10-15,16.25,16.51,16.25,16.51,793
"928","SANTANDER",2019-10-16,16,16.54,16,16.54,182
"929","SANTANDER",2019-10-17,16.54,17,16.54,17,401
"930","SANTANDER",2019-10-18,16.9,17.4,16.9,17.4,252
"931","SANTANDER",2019-10-21,16.6,17.4,16.6,16.6,2794
"932","SANTANDER",2019-10-22,17.39,17.4,17.38,17.38,1062
"933","SANTANDER",2019-10-23,17.3,17.48,17,17.48,552
"934","SANTANDER",2019-10-24,17.48,17.48,17.48,17.48,140
"935","SANTANDER",2019-10-25,17,17.1,16.4,16.5,503
"936","SANTANDER",2019-10-28,16.5,16.9,15.8,16.4,1191
"937","SANTANDER",2019-10-29,17.38,17.38,17.38,17.38,1474
"938","SANTANDER",2019-10-30,17.1,17.32,17,17,445
"939","SANTANDER",2019-10-31,16.2,16.98,15.302,15.69,12811
"940","SANTANDER",2019-11-04,15.878,16,15.5,16,3767
"941","SANTANDER",2019-11-05,16,16.2,16,16.2,2520
"942","SANTANDER",2019-11-07,16,16,16,16,250
"943","SANTANDER",2019-11-08,16,16,16,16,258
"944","SANTANDER",2019-11-12,16,16,15.8,16,82
"945","SANTANDER",2019-11-13,16,16,16,16,68
"946","SANTANDER",2019-11-14,15.85,15.85,15.5,15.5,587
"947","SANTANDER",2019-11-15,15.42,15.42,15.42,15.42,3
"948","SANTANDER",2019-11-18,15.5,15.5,15.5,15.5,76
"949","SANTANDER",2019-11-19,15.98,15.98,15.42,15.42,104
"950","SANTANDER",2019-11-20,15.42,16,15.42,16,231
"951","SANTANDER",2019-11-21,16,16,15.41,15.41,832
"952","SANTANDER",2019-11-22,15.9,15.9,15.9,15.9,10
"953","SANTANDER",2019-11-25,15.8,15.8,15.41,15.7,1243
"954","SANTANDER",2019-11-27,15.5,15.5,15.5,15.5,72
"955","SANTANDER",2019-11-28,15.85,15.85,15.8,15.85,348
"956","SANTANDER",2019-11-29,15.9,15.9,15.5,15.5,1653
"957","SANTANDER",2019-12-02,15.5,15.98,15.05,15.05,1572
"958","SANTANDER",2019-12-03,15.1,15.1,14.9,14.9,1230
"959","SANTANDER",2019-12-04,14.9,14.9,14.9,14.9,63
"960","SANTANDER",2019-12-05,14.9,15.06,14.9,15.06,714
"961","SANTANDER",2019-12-06,15,15.72,15,15.72,877
"962","SANTANDER",2019-12-09,16,16,16,16,500
"963","SANTANDER",2019-12-10,15.7,15.7,15.7,15.7,36
"964","SANTANDER",2019-12-11,15.7,15.7,15.7,15.7,52
"965","SANTANDER",2019-12-12,15.7,16,15.7,16,772
"966","SANTANDER",2019-12-13,16,16.198,14.9,15.9,4524
"967","SANTANDER",2019-12-16,16.16,16.16,15.5,15.5,659
"968","SANTANDER",2019-12-17,16,16,15.562,15.6,571
"969","SANTANDER",2019-12-18,15.6,15.6,15.6,15.6,104
"970","SANTANDER",2019-12-19,15.6,16.2,15.562,15.6,976
"971","SANTANDER",2019-12-20,15.6,16,15.6,16,383
"972","SANTANDER",2019-12-23,16,16,15.97,16,969
"973","SANTANDER",2019-12-27,16,16,16,16,513
"974","SANTANDER",2019-12-30,15.202,15.8,15.202,15.52,732
"975","SANTANDER",2020-01-02,15.52,16.16,15.52,16.16,804
"976","SANTANDER",2020-01-03,16.25,16.25,15.8,16.24,555
"977","SANTANDER",2020-01-07,16.24,16.25,16.1,16.1,125
"978","SANTANDER",2020-01-08,16.2,16.2,15.6,15.6,165
"979","SANTANDER",2020-01-10,16.2,16.2,15.65,15.65,82
"980","SANTANDER",2020-01-13,15.65,15.65,15.65,15.65,64
"981","SANTANDER",2020-01-14,16,16,15.6,15.6,427
"982","SANTANDER",2020-01-15,15.65,15.65,15.44,15.45,2585
"983","SANTANDER",2020-01-16,15.46,15.8,15.45,15.45,469
"984","SANTANDER",2020-01-17,15.3,15.79,15.26,15.79,1355
"985","SANTANDER",2020-01-20,15.79,15.79,15.3,15.5,1740
"986","SANTANDER",2020-01-21,15.5,15.7,15.5,15.5,876
"987","SANTANDER",2020-01-22,15.7,15.7,15.26,15.26,365
"988","SANTANDER",2020-01-23,15.7,15.7,15.7,15.7,60
"989","SANTANDER",2020-01-24,15.7,15.78,15.7,15.7,154
"990","SANTANDER",2020-01-27,15.77,15.77,15.05,15.7,489
"991","SANTANDER",2020-01-28,15.5,15.7,15.002,15.596,820
"992","SANTANDER",2020-01-29,15.588,15.6,15.588,15.59,191
"993","SANTANDER",2020-01-30,14.95,15.05,14.95,15.05,400
"994","SANTANDER",2020-01-31,14.994,15.1,14.992,15.1,256
"995","SANTANDER",2020-02-03,15.1,15.1,14.95,15,250
"996","SANTANDER",2020-02-04,14.95,15.69,14.95,15.6,1026
"997","SANTANDER",2020-02-05,15.67,15.8,15.67,15.8,1163
"998","SANTANDER",2020-02-06,15.86,16.394,15.2,15.7,6630
"999","SANTANDER",2020-02-07,15.7,15.7,15.7,15.7,99
"1000","SANTANDER",2020-02-10,16,16.61,15.7,16.5,874
"1001","SANTANDER",2020-02-11,16.5,16.6,15.74,15.84,3173
"1002","SANTANDER",2020-02-12,16.5,16.5,15.86,15.94,1737
"1003","SANTANDER",2020-02-14,16.3,16.5,16.3,16.5,195
"1004","SANTANDER",2020-02-17,16.5,16.74,16.04,16.74,3394
"1005","SANTANDER",2020-02-18,16.74,16.74,16.74,16.74,183
"1006","SANTANDER",2020-02-19,16.7,16.7,16.5,16.65,1412
"1007","SANTANDER",2020-02-20,16.73,16.73,15.9,15.9,310
"1008","SANTANDER",2020-02-21,16.5,16.5,15.9,15.9,206
"1009","SANTANDER",2020-02-24,15.9,15.9,15.5,15.5,1910
"1010","SANTANDER",2020-02-25,15.4,15.4,15.1,15.1,253
"1011","SANTANDER",2020-02-26,15.2,15.36,14.95,15.228,1041
"1012","SANTANDER",2020-02-27,16.3,16.3,14.67,14.686,2813
"1013","SANTANDER",2020-02-28,14.67,14.67,14.154,14.4,3275
"1014","SANTANDER",2020-03-02,14.4,14.4,13.8,14.05,3521
"1015","SANTANDER",2020-03-03,14.124,14.65,14.124,14.65,1347
"1016","SANTANDER",2020-03-04,14.65,14.65,14,14.1,5546
"1017","SANTANDER",2020-03-05,14.54,14.54,13.4,13.42,4745
"1018","SANTANDER",2020-03-06,13.1,13.2,12.98,13.2,5889
"1019","SANTANDER",2020-03-09,14.12,14.12,11.514,11.664,8635
"1020","SANTANDER",2020-03-10,12,12.344,11.408,11.408,1020
"1021","SANTANDER",2020-03-11,11.838,11.906,11.674,11.774,2528
"1022","SANTANDER",2020-03-12,11.25,11.25,10.25,10.25,9952
"1023","SANTANDER",2020-03-13,10.3,11.04,9.631,9.677,7910
"1024","SANTANDER",2020-03-16,9.65,9.65,8.63,8.75,15245
"1025","SANTANDER",2020-03-17,9.523,9.659,8.824,9.659,14142
"1026","SANTANDER",2020-03-18,9.91,9.91,9.1,9.4,22739
"1027","SANTANDER",2020-03-19,9.4,9.611,9.22,9.32,15215
"1028","SANTANDER",2020-03-20,9.6,9.785,9.35,9.35,21828
"1029","SANTANDER",2020-03-23,9.2,10.036,8.8,9.59,6908
"1030","SANTANDER",2020-03-24,10,10.6,10,10.6,15700
"1031","SANTANDER",2020-03-25,11,11.5,10.652,11.008,11460
"1032","SANTANDER",2020-03-26,11.008,11.4,10.936,11.29,7239
"1033","SANTANDER",2020-03-27,11.296,11.296,10.39,11.05,12491
"1034","SANTANDER",2020-03-30,11,11,9.81,10.68,82107
"1035","SANTANDER",2020-03-31,10.478,10.478,10,10.17,21627
"1036","SANTANDER",2020-04-01,10.38,10.38,9.737,9.98,20342
"1037","SANTANDER",2020-04-02,10.1,10.1,9.82,9.82,3784
"1038","SANTANDER",2020-04-03,9.83,10.5,9.42,9.98,14473
"1039","SANTANDER",2020-04-06,10.186,10.186,9.89,10.08,41708
"1040","SANTANDER",2020-04-07,10.18,10.7,10.11,10.4,47142
"1041","SANTANDER",2020-04-08,10.4,10.4,9.736,10.246,22209
"1042","SANTANDER",2020-04-09,10.48,10.48,10,10.15,6294
"1043","SANTANDER",2020-04-14,10.3,10.5,9.84,9.86,86009
"1044","SANTANDER",2020-04-15,10.17,10.17,9.27,9.5,66300
"1045","SANTANDER",2020-04-16,9.5,9.5,8.91,9.139,68295
"1046","SANTANDER",2020-04-17,9.34,9.34,8.935,8.98,36440
"1047","SANTANDER",2020-04-20,9.21,9.21,8.65,8.995,85377
"1048","SANTANDER",2020-04-21,9,9,8.45,8.669,28042
"1049","SANTANDER",2020-04-22,8.78,8.802,8.5,8.802,19786
"1050","SANTANDER",2020-04-23,8.84,9.07,8.8,9.07,11414
"1051","SANTANDER",2020-04-24,9.09,9.09,8.8,8.8,23885
"1052","SANTANDER",2020-04-27,9.14,9.14,8.75,9,7941
"1053","SANTANDER",2020-04-28,9,9.5,8.85,9.2,16831
"1054","SANTANDER",2020-04-29,9.4,9.8,9.35,9.68,30617
"1055","SANTANDER",2020-04-30,9.8,9.942,9.281,9.6,37218
"1056","SANTANDER",2020-05-04,9.6,9.6,9,9.24,74587
"1057","SANTANDER",2020-05-05,9.35,9.35,9.02,9.1,12045
"1058","SANTANDER",2020-05-06,9.1,9.1,8.85,9,21984
"1059","SANTANDER",2020-05-07,9,9.05,8.9,8.96,12655
"1060","SANTANDER",2020-05-08,9.15,9.15,8.914,9.06,13249
"1061","SANTANDER",2020-05-11,9.14,9.28,8.965,8.988,34359
"1062","SANTANDER",2020-05-12,9.1,9.1,8.856,9,14913
"1063","SANTANDER",2020-05-13,9.1,9.2,8.72,8.8,63490
"1064","SANTANDER",2020-05-14,8.88,8.88,8.26,8.59,165098
"1065","SANTANDER",2020-05-15,8.6,8.86,8.35,8.57,34674
"1066","SANTANDER",2020-05-18,8.57,8.658,8.352,8.634,20654
"1067","SANTANDER",2020-05-19,8.8,9.054,8.25,8.291,97765
"1068","SANTANDER",2020-05-20,8.45,8.46,8.2,8.45,35075
"1069","SANTANDER",2020-05-21,8.45,8.6,8.4,8.549,32100
"1070","SANTANDER",2020-05-22,8.55,8.62,8.28,8.502,40776
"1071","SANTANDER",2020-05-25,8.7,8.75,8.551,8.7,15060
"1072","SANTANDER",2020-05-26,8.7,9.04,8.7,8.99,126259
"1073","SANTANDER",2020-05-27,9.18,9.55,9.159,9.24,116156
"1074","SANTANDER",2020-05-28,9.52,9.618,9.15,9.451,125189
"1075","SANTANDER",2020-05-29,9.4,9.4,9.07,9.16,98739
"1076","SANTANDER",2020-06-01,9.38,9.54,9.16,9.26,13723
"1077","SANTANDER",2020-06-02,9.4,9.598,9.216,9.5,27418
"1078","SANTANDER",2020-06-03,9.5,9.925,9.5,9.76,62283
"1079","SANTANDER",2020-06-04,9.96,10.15,9.76,10.1,56116
"1080","SANTANDER",2020-06-05,10.65,11.2,10.4,11,109098
"1081","SANTANDER",2020-06-08,11.4,11.55,11.116,11.15,81545
"1082","SANTANDER",2020-06-09,11.95,11.99,10.82,11.08,103925
"1083","SANTANDER",2020-06-10,11.12,11.44,10.78,10.78,48826
"1084","SANTANDER",2020-06-12,10,10.396,9.3,10.06,214145
"1085","SANTANDER",2020-06-15,10.01,10.01,9.423,9.55,109729
"1086","SANTANDER",2020-06-16,9.86,10.228,9.742,10.2,68112
"1087","SANTANDER",2020-06-17,10.25,10.25,9.929,10,41632
"1088","SANTANDER",2020-06-18,10,10,9.672,9.75,50418
"1089","SANTANDER",2020-06-19,10,10,9.66,9.85,11083
"1090","SANTANDER",2020-06-22,9.85,9.93,9.49,9.61,61143
"1091","SANTANDER",2020-06-23,9.85,10.05,9.6,9.8,90781
"1092","SANTANDER",2020-06-24,9.8,10,9.651,9.651,17796
"1093","SANTANDER",2020-06-25,9.55,9.68,9.41,9.68,22667
"1094","SANTANDER",2020-06-26,9.85,9.85,9.6,9.61,12762
"1095","SANTANDER",2020-06-29,9.599,9.84,9.43,9.84,7335
"1096","SANTANDER",2020-06-30,9.9,9.9,9.52,9.6,5342
"1097","SANTANDER",2020-07-01,9.6,9.755,9.568,9.58,4324
"1098","SANTANDER",2020-07-02,9.745,10.29,9.715,10.1,51376
"1099","SANTANDER",2020-07-03,10.29,10.29,9.906,9.98,14751
"1100","SANTANDER",2020-07-06,10.07,10.58,10.07,10.1,35131
"1101","SANTANDER",2020-07-07,10.59,10.59,10.14,10.3,21124
"1102","SANTANDER",2020-07-08,10.3,10.3,9.861,10.2,78253
"1103","SANTANDER",2020-07-09,9.95,10.27,9.8,10.09,15502
"1104","SANTANDER",2020-07-10,9.8,9.97,9.606,9.97,19183
"1105","SANTANDER",2020-07-13,10.2,10.28,9.94,10.1,10715
"1106","SANTANDER",2020-07-14,10.08,10.09,9.8,10.02,6646
"1107","SANTANDER",2020-07-15,9.92,10.2,9.81,10.146,21050
"1108","SANTANDER",2020-07-16,10.1,10.25,9.99,10.1,13630
"1109","SANTANDER",2020-07-17,10.04,10.05,9.82,9.95,5767
"1110","SANTANDER",2020-07-20,9.9,9.9,9.74,9.9,10093
"1111","SANTANDER",2020-07-21,9.9,10.2,9.74,9.841,37357
"1112","SANTANDER",2020-07-22,9.84,9.856,9.52,9.586,69428
"1113","SANTANDER",2020-07-23,9.61,9.61,9.375,9.58,31854
"1114","SANTANDER",2020-07-24,9.5,9.5,9.287,9.5,13470
"1115","SANTANDER",2020-07-27,9.4,9.4,9.098,9.172,60757
"1116","SANTANDER",2020-07-28,9.45,9.45,9.15,9.15,12888
"1117","SANTANDER",2020-07-29,9.369,9.369,8.825,8.85,31377
"1118","SANTANDER",2020-07-30,8.97,9,8.28,8.38,50170
"1119","SANTANDER",2020-07-31,8.57,8.57,8.11,8.15,55944
"1120","SANTANDER",2020-08-03,8.295,8.295,7.82,8.29,45941
"1121","SANTANDER",2020-08-04,8.3,8.51,8.29,8.4,138310
"1122","SANTANDER",2020-08-05,8.449,8.55,8.2,8.36,121614
"1123","SANTANDER",2020-08-06,8.32,8.36,8.111,8.36,12040
"1124","SANTANDER",2020-08-07,8.36,8.36,8,8.128,75036
"1125","SANTANDER",2020-08-10,8.23,8.35,8.161,8.35,9263
"1126","SANTANDER",2020-08-11,8.355,8.88,8.35,8.8,28122
"1127","SANTANDER",2020-08-12,8.93,9.08,8.85,8.93,36628
"1128","SANTANDER",2020-08-13,8.9,8.9,8.63,8.661,73302
"1129","SANTANDER",2020-08-14,8.6,8.6,8.16,8.5,67850
"1130","SANTANDER",2020-08-17,8.74,8.74,8.3,8.4,14259
"1131","SANTANDER",2020-08-18,8.68,8.68,8.3,8.3,9724
"1132","SANTANDER",2020-08-19,8.3,8.328,8.21,8.328,11875
"1133","SANTANDER",2020-08-20,8.45,8.45,8.2,8.242,12302
"1134","SANTANDER",2020-08-21,8.2,8.2,8.01,8.029,32641
"1135","SANTANDER",2020-08-24,8.03,8.28,8.03,8.2,4711
"1136","SANTANDER",2020-08-25,8.2,8.5,8.2,8.399,15093
"1137","SANTANDER",2020-08-26,8.399,8.47,8.37,8.38,4849
"1138","SANTANDER",2020-08-27,8.38,8.38,8.28,8.36,3049
"1139","SANTANDER",2020-08-28,8.395,8.6,8.395,8.55,10718
"1140","SANTANDER",2020-08-31,8.6,8.67,8.36,8.36,8403
"1141","SANTANDER",2020-09-01,8.676,8.676,8.05,8.2,11510
"1142","SANTANDER",2020-09-02,8.26,8.31,8.08,8.17,2684
"1143","SANTANDER",2020-09-03,8.222,8.44,8.22,8.39,4471
"1144","SANTANDER",2020-09-04,8.39,8.52,8.22,8.22,17294
"1145","SANTANDER",2020-09-07,8.52,8.531,8.39,8.464,8894
"1146","SANTANDER",2020-09-08,8.464,8.6,8.2,8.2,12515
"1147","SANTANDER",2020-09-09,8.15,8.405,8.15,8.35,17428
"1148","SANTANDER",2020-09-10,8.35,8.358,8.152,8.319,5261
"1149","SANTANDER",2020-09-11,8.32,8.32,8.1,8.137,35997
"1150","SANTANDER",2020-09-14,8.12,8.18,8,8.082,25593
"1151","SANTANDER",2020-09-15,8.14,8.15,8.02,8.08,12979
"1152","SANTANDER",2020-09-16,8.05,8.05,7.77,7.88,24213
"1153","SANTANDER",2020-09-17,8,8,7.72,7.957,24571
"1154","SANTANDER",2020-09-18,7.9,7.9,7.535,7.535,72529
"1155","SANTANDER",2020-09-21,7.54,7.72,7.14,7.264,51474
"1156","SANTANDER",2020-09-22,7.68,7.68,7.06,7.062,29487
"1157","SANTANDER",2020-09-23,7.04,7.25,7.02,7.043,6974
"1158","SANTANDER",2020-09-24,7.06,7.29,6.85,7.12,40765
"1159","SANTANDER",2020-09-25,6.95,7.21,6.95,7.08,12864
"1160","SANTANDER",2020-09-28,7,7.434,7,7.42,29275
"1161","SANTANDER",2020-09-29,7.43,7.49,7.26,7.435,8825
"1162","SANTANDER",2020-09-30,7.2,7.311,7.12,7.3,8297
"1163","SANTANDER",2020-10-01,7.3,7.301,7.08,7.25,12275
"1164","SANTANDER",2020-10-02,7.25,7.25,7.01,7.08,102971
"1165","SANTANDER",2020-10-05,7.1,7.29,7.1,7.21,8930
"1166","SANTANDER",2020-10-06,7.32,7.64,7.32,7.64,27783
"1167","SANTANDER",2020-10-07,7.66,7.66,7.49,7.518,3527
"1168","SANTANDER",2020-10-08,7.58,7.73,7.56,7.687,28896
"1169","SANTANDER",2020-10-09,7.67,7.72,7.4,7.603,36354
"1170","SANTANDER",2020-10-12,7.588,7.588,7.4,7.4,5145
"1171","SANTANDER",2020-10-13,7.42,7.455,7.32,7.344,7568
"1172","SANTANDER",2020-10-14,7.2,7.349,7.2,7.242,8507
"1173","SANTANDER",2020-10-15,7.2,7.2,7.06,7.19,29392
"1174","SANTANDER",2020-10-16,7.004,7.414,7.004,7.414,19185
"1175","SANTANDER",2020-10-19,7.51,7.58,7.41,7.5,7110
"1176","SANTANDER",2020-10-20,7.5,7.82,7.5,7.773,36428
"1177","SANTANDER",2020-10-21,7.75,7.892,7.65,7.65,4924
"1178","SANTANDER",2020-10-22,7.65,7.672,7.5,7.644,11403
"1179","SANTANDER",2020-10-23,7.7,7.99,7.7,7.87,16932
"1180","SANTANDER",2020-10-26,7.79,7.915,7.79,7.9,6225
"1181","SANTANDER",2020-10-27,7.97,8.45,7.8,7.8,36900
"1182","SANTANDER",2020-10-28,7.81,7.81,7.45,7.613,14541
"1183","SANTANDER",2020-10-29,7.63,7.83,7.51,7.72,12644
"1184","SANTANDER",2020-10-30,7.667,7.993,7.3,7.993,9538
"1185","SANTANDER",2020-11-02,8,8.1,7.874,8.08,9112
"1186","SANTANDER",2020-11-03,8.08,8.35,8.08,8.294,26138
"1187","SANTANDER",2020-11-04,8.44,8.44,8.02,8.02,41265
"1188","SANTANDER",2020-11-05,8.13,8.34,7.889,8.34,9703
"1189","SANTANDER",2020-11-06,8.34,8.34,8.09,8.16,6830
"1190","SANTANDER",2020-11-09,8.44,9.52,8.1,9.294,117409
"1191","SANTANDER",2020-11-10,9.86,10.36,9.02,10.24,258882
"1192","SANTANDER",2020-11-12,10.24,10.38,9.4,10.25,97976
"1193","SANTANDER",2020-11-13,10.2,10.766,10.2,10.62,90187
"1194","SANTANDER",2020-11-16,10.1,10.98,10.03,10.7,89958
"1195","SANTANDER",2020-11-17,13,13,10.13,10.62,79028
"1196","SANTANDER",2020-11-18,10.5,10.5,10.2,10.45,15655
"1197","SANTANDER",2020-11-19,10.21,10.4,10.2,10.4,29452
"1198","SANTANDER",2020-11-20,10.25,10.5,10.25,10.484,11077
"1199","SANTANDER",2020-11-23,10.484,10.6,10.37,10.59,16743
"1200","SANTANDER",2020-11-24,10.64,10.98,10.61,10.9,38832
"1201","SANTANDER",2020-11-25,10.9,11.23,10.8,10.882,33312
"1202","SANTANDER",2020-11-26,11,11,10.728,10.9,8628
"1203","SANTANDER",2020-11-27,10.918,11.03,10.846,11.03,6277
"1204","SANTANDER",2020-11-30,11.03,11.03,10.6,10.93,9994
"1205","SANTANDER",2020-12-01,10.5,11.35,10.5,11.266,32351
"1206","SANTANDER",2020-12-02,10.804,11.86,10.804,11.86,41853
"1207","SANTANDER",2020-12-03,12,12.1,11.8,12.1,22002
"1208","SANTANDER",2020-12-04,12.1,12.408,12.1,12.35,13655
"1209","SANTANDER",2020-12-07,12.49,12.6,12.1,12.244,23167
"1210","SANTANDER",2020-12-08,12.4,12.538,12.1,12.3,16513
"1211","SANTANDER",2020-12-09,12.5,12.5,12.028,12.1,55154
"1212","SANTANDER",2020-12-10,11.8,12.14,11.1,11.61,57241
"1213","SANTANDER",2020-12-11,12,12,11.24,11.5,13257
"1214","SANTANDER",2020-12-14,11.64,11.85,11.6,11.774,22319
"1215","SANTANDER",2020-12-15,11.5,11.928,11.5,11.91,9800
"1216","SANTANDER",2020-12-16,12,12.1,11.7,11.92,11707
"1217","SANTANDER",2020-12-17,11.9,11.95,11.8,11.82,11838
"1218","SANTANDER",2020-12-18,11.82,11.98,11.7,11.782,8715
"1219","SANTANDER",2020-12-21,11.5,11.7,10.9,10.92,39617
"1220","SANTANDER",2020-12-22,10.9,11.334,10.9,11.334,20589
"1221","SANTANDER",2020-12-23,11.334,11.8,11.334,11.79,12269
"1222","SANTANDER",2020-12-28,11.7,12.09,11.6,11.6,22166
"1223","SANTANDER",2020-12-29,11.84,12.08,11.6,11.872,25705
"1224","SANTANDER",2020-12-30,11.872,11.9,11.7,11.7,6951
"1225","SANTANDER",2021-01-04,11.9,11.9,11.5,11.5,10696
"1226","SANTANDER",2021-01-05,11.51,11.8,11.51,11.592,4870
"1227","SANTANDER",2021-01-07,11.53,12.52,11.53,12.518,144130
"1228","SANTANDER",2021-01-08,12.5,12.6,12.18,12.36,63976
"1229","SANTANDER",2021-01-11,12.42,12.86,12.42,12.77,30343
"1230","SANTANDER",2021-01-12,13,13,12.302,12.88,31547
"1231","SANTANDER",2021-01-13,12.88,12.908,12.672,12.86,15654
"1232","SANTANDER",2021-01-14,12.86,12.92,12.5,12.84,5436
"1233","SANTANDER",2021-01-15,12.85,12.87,12.26,12.41,13655
"1234","SANTANDER",2021-01-18,12,12.468,12,12.41,9428
"1235","SANTANDER",2021-01-19,12.5,12.542,12.2,12.266,4936
"1236","SANTANDER",2021-01-20,12.4,12.41,12.146,12.192,9316
"1237","SANTANDER",2021-01-21,12.192,12.234,12,12,3446
"1238","SANTANDER",2021-01-22,12,12,11.52,11.716,44486
"1239","SANTANDER",2021-01-25,12,12,11.302,11.452,8748
"1240","SANTANDER",2021-01-26,11.452,11.7,11.34,11.53,24275
"1241","SANTANDER",2021-01-27,11.7,11.7,11.05,11.06,22136
"1242","SANTANDER",2021-01-28,11.1,11.3,10.78,11.24,19359
"1243","SANTANDER",2021-01-29,11.25,11.25,10.9,11,12399
"1244","SANTANDER",2021-02-01,11,11.178,10.9,10.966,16908
"1245","SANTANDER",2021-02-02,11.05,11.342,10.9,11.338,4045
"1246","SANTANDER",2021-02-03,11.36,11.788,11.36,11.48,5094
"1247","SANTANDER",2021-02-04,11.5,12.12,11.5,12.1,35516
"1248","SANTANDER",2021-02-05,12.11,12.48,12,12.41,21878
"1249","SANTANDER",2021-02-08,12.6,12.76,12.43,12.688,23344
"1250","SANTANDER",2021-02-09,12.6,12.688,12.58,12.66,4741
"1251","SANTANDER",2021-02-10,12.66,12.82,12.5,12.82,23448
"1252","SANTANDER",2021-02-11,12.6,12.61,12.512,12.6,3430
"1253","SANTANDER",2021-02-12,12.54,12.54,12.29,12.5,6075
"1254","SANTANDER",2021-02-15,12.5,13.15,12.5,13.04,21962
"1255","SANTANDER",2021-02-16,12.8,13.15,12.7,13.14,29435
"1256","SANTANDER",2021-02-17,12.9,13.334,12.896,12.896,19679
"1257","SANTANDER",2021-02-18,12.8,13.1,12.8,12.8,4225
"1258","SANTANDER",2021-02-19,12.7,13.298,12.694,13.298,15937
"1259","SANTANDER",2021-02-22,13.39,13.39,12.876,13.05,35913
"1260","SANTANDER",2021-02-23,12.95,13.3,12.95,13.254,20379
"1261","SANTANDER",2021-02-24,13.25,13.43,12.702,13.3,21855
"1262","SANTANDER",2021-02-25,13.32,13.77,13.32,13.77,13178
"1263","SANTANDER",2021-02-26,13.5,13.5,13,13.074,14271
"1264","SANTANDER",2021-03-01,13.15,13.338,13.14,13.226,6793
"1265","SANTANDER",2021-03-02,13.28,13.28,13.15,13.272,16568
"1266","SANTANDER",2021-03-03,13.2,13.54,13.2,13.268,20884
"1267","SANTANDER",2021-03-04,13.1,13.36,13.1,13.36,8477
"1268","SANTANDER",2021-03-05,13.36,13.85,13.36,13.85,22008
"1269","SANTANDER",2021-03-08,14,14,13.72,13.95,18061
"1270","SANTANDER",2021-03-09,13.75,14,13.366,13.71,5008
"1271","SANTANDER",2021-03-10,13.99,13.99,13.442,13.442,5757
"1272","SANTANDER",2021-03-11,13.5,13.6,13.2,13.24,3672
"1273","SANTANDER",2021-03-12,13.282,13.682,13.266,13.612,35770
"1274","SANTANDER",2021-03-15,13.61,13.75,13.45,13.45,3456
"1275","SANTANDER",2021-03-16,13.514,13.562,13.22,13.358,4124
"1276","SANTANDER",2021-03-17,13.2,13.532,13.2,13.458,16809
"1277","SANTANDER",2021-03-18,13.36,13.9,13.36,13.85,8564
"1278","SANTANDER",2021-03-19,13.702,13.702,13.462,13.47,3810
"1279","SANTANDER",2021-03-22,13.45,13.45,13.104,13.104,4944
"1280","SANTANDER",2021-03-23,13.104,13.3,13.02,13.3,3870
"1281","SANTANDER",2021-03-24,13.06,13.178,12.87,13.178,7311
"1282","SANTANDER",2021-03-25,12.8,13.238,12.8,12.962,1144
"1283","SANTANDER",2021-03-26,12.8,13.768,12.8,13.576,17534
"1284","SANTANDER",2021-03-29,14,14,13.262,13.468,29893
"1285","SANTANDER",2021-03-30,13.5,13.714,13.5,13.66,10805
"1286","SANTANDER",2021-03-31,13.7,13.7,13.356,13.378,5459
"1287","SANTANDER",2021-04-01,13.5,13.5,13.18,13.24,2161
"1288","SANTANDER",2021-04-06,13.24,13.98,13.24,13.53,23052
"1289","SANTANDER",2021-04-07,13.8,13.8,13.382,13.382,13870
"1290","SANTANDER",2021-04-08,13.4,13.422,13.15,13.21,4069
"1291","SANTANDER",2021-04-09,13.39,13.406,13.1,13.14,10419
"1292","SANTANDER",2021-04-12,13.196,13.272,13.02,13.2,3740
"1293","SANTANDER",2021-04-13,13.2,13.38,13.112,13.112,5689
"1294","SANTANDER",2021-04-14,13.112,13.19,13.104,13.19,5385
"1295","SANTANDER",2021-04-15,13.02,13.38,13,13,6893
"1296","SANTANDER",2021-04-16,13,13.188,13,13.004,868
"1297","SANTANDER",2021-04-19,13.44,13.44,13.11,13.44,5759
"1298","SANTANDER",2021-04-20,13.44,13.5,13.058,13.058,1059
"1299","SANTANDER",2021-04-21,13.2,13.2,12.59,12.946,6923
"1300","SANTANDER",2021-04-22,12.72,12.998,12.72,12.99,5558
"1301","SANTANDER",2021-04-23,13,13.084,12.81,13.074,2031
"1302","SANTANDER",2021-04-26,13.28,13.28,12.972,13.2,8474
"1303","SANTANDER",2021-04-27,13.38,13.72,13.222,13.71,20564
"1304","SANTANDER",2021-04-28,13.02,14.37,13.02,14.37,31892
"1305","SANTANDER",2021-04-29,14,14.7,14,14.586,18034
"1306","SANTANDER",2021-04-30,14.6,14.8,14.4,14.504,13502
"1307","SANTANDER",2021-05-04,14.504,14.822,14.334,14.338,3296
"1308","SANTANDER",2021-05-05,14.4,14.604,14.4,14.594,4585
"1309","SANTANDER",2021-05-06,14.6,14.856,14.6,14.686,6340
"1310","SANTANDER",2021-05-07,14.9,14.9,14.576,14.6,15021
"1311","SANTANDER",2021-05-10,14.5,15.15,14.4,15.15,35974
"1312","SANTANDER",2021-05-11,15,15,14.66,14.78,7634
"1313","SANTANDER",2021-05-12,14.8,14.9,14.68,14.868,10840
"1314","SANTANDER",2021-05-13,14.88,14.88,14.486,14.682,4862
"1315","SANTANDER",2021-05-14,14.85,15.082,14.844,15.082,7875
"1316","SANTANDER",2021-05-17,15.1,15.2,15,15.156,10608
"1317","SANTANDER",2021-05-18,15.2,15.3,15.046,15.24,8136
"1318","SANTANDER",2021-05-19,15.398,15.398,14.84,14.85,3241
"1319","SANTANDER",2021-05-20,14.9,15.1,14.742,14.93,2753
"1320","SANTANDER",2021-05-21,15.1,15.174,14.832,15.15,9817
"1321","SANTANDER",2021-05-24,15.05,15.2,15.05,15.15,1645
"1322","SANTANDER",2021-05-25,15,15.256,14.998,15.18,3892
"1323","SANTANDER",2021-05-26,15.256,15.256,14.762,15.026,7134
"1324","SANTANDER",2021-05-27,15.062,15.45,15.062,15.45,5637
"1325","SANTANDER",2021-05-28,15.5,15.616,15.3,15.358,13853
"1326","SANTANDER",2021-05-31,15.65,15.65,15.348,15.38,2970
"1327","SANTANDER",2021-06-01,15.35,15.616,15.326,15.55,22655
"1328","SANTANDER",2021-06-02,15.55,15.6,15.44,15.546,5381
"1329","SANTANDER",2021-06-04,15.52,15.7,15.466,15.466,25040
"1330","SANTANDER",2021-06-07,15.7,15.7,15.258,15.374,16358
"1331","SANTANDER",2021-06-08,15.374,15.4,15.156,15.196,3110
"1332","SANTANDER",2021-06-09,15.196,15.2,15,15,3935
"1333","SANTANDER",2021-06-10,15.7,15.7,15.294,15.294,2260
"1334","SANTANDER",2021-06-11,15.188,15.438,15.188,15.438,803
"1335","SANTANDER",2021-06-14,15.6,15.6,15.32,15.57,10496
"1336","SANTANDER",2021-06-15,15.6,15.6,15.334,15.376,1481
"1337","SANTANDER",2021-06-16,15.458,15.458,15.134,15.134,1091
"1338","SANTANDER",2021-06-17,15.4,15.65,15.4,15.54,9207
"1339","SANTANDER",2021-06-18,15.16,15.164,14.77,14.91,12576
"1340","SANTANDER",2021-06-21,14.91,14.95,14.69,14.93,5650
"1341","SANTANDER",2021-06-22,14.71,14.93,14.5,14.806,8774
"1342","SANTANDER",2021-06-23,14.806,15,14.782,14.992,8230
"1343","SANTANDER",2021-06-24,14.9,15.2,14.9,15.08,5080
"1344","SANTANDER",2021-06-25,15,15.2,15,15.152,4932
"1345","SANTANDER",2021-06-28,15,15.4,14.8,14.82,5452
"1346","SANTANDER",2021-06-29,15.5,15.5,14.79,14.946,7602
"1347","SANTANDER",2021-06-30,14.7,14.714,14.5,14.5,12206
"1348","SANTANDER",2021-07-01,14.63,14.824,13.902,14.642,9941
"1349","SANTANDER",2021-07-02,14.51,14.778,14.51,14.686,1403
"1350","SANTANDER",2021-07-05,14.7,14.7,14.546,14.638,2784
"1351","SANTANDER",2021-07-06,14.68,14.706,14.3,14.3,2665
"1352","SANTANDER",2021-07-07,14.3,14.3,14.2,14.202,32693
"1353","SANTANDER",2021-07-08,14.204,14.204,13.8,13.872,8353
"1354","SANTANDER",2021-07-09,13.88,14.038,13.88,14,1637
"1355","SANTANDER",2021-07-12,14.2,14.312,14,14.312,2992
"1356","SANTANDER",2021-07-13,14.3,14.3,14.13,14.246,12438
"1357","SANTANDER",2021-07-14,14.2,14.312,14.2,14.21,5837
"1358","SANTANDER",2021-07-15,14.49,14.49,14.09,14.21,1084
"1359","SANTANDER",2021-07-16,14.224,14.278,13.922,13.99,7464
"1360","SANTANDER",2021-07-19,14.2,14.2,13.382,13.476,4021
"1361","SANTANDER",2021-07-20,13.5,13.55,13.2,13.5,9221
"1362","SANTANDER",2021-07-21,13.5,13.92,13.5,13.9,3222
"1363","SANTANDER",2021-07-22,14,14.35,14,14.112,1366
"1364","SANTANDER",2021-07-23,13.9,14.44,13.9,14.44,56913
"1365","SANTANDER",2021-07-26,14.5,14.7,14.1,14.7,16016
"1366","SANTANDER",2021-07-27,14.7,14.7,14.7,14.7,100
"1367","SANTANDER",2021-07-28,15,15,14.11,14.11,25949
"1368","SANTANDER",2021-07-29,14.002,14.5,14.002,14.346,7097
"1369","SANTANDER",2021-07-30,14.47,14.47,14.002,14.116,27279
"1370","SANTANDER",2021-08-02,14.4,14.492,14.12,14.12,2983
"1371","SANTANDER",2021-08-03,14.17,14.22,14.04,14.04,7099
"1372","SANTANDER",2021-08-04,14.18,14.222,14.04,14.222,19659
"1373","SANTANDER",2021-08-05,14.01,14.3,14.01,14.054,1403
"1374","SANTANDER",2021-08-06,14.06,14.814,14.054,14.634,7564
"1375","SANTANDER",2021-08-09,14.684,14.8,14.59,14.632,1015
"1376","SANTANDER",2021-08-10,14.222,14.852,14.222,14.8,14281
"1377","SANTANDER",2021-08-11,14.8,15.152,14.8,15,8923
"1378","SANTANDER",2021-08-12,14.8,15.1,14.8,14.904,2414
"1379","SANTANDER",2021-08-13,14.9,15.1,14.9,15.02,5834
"1380","SANTANDER",2021-08-16,15,15,14.68,14.68,6247
"1381","SANTANDER",2021-08-17,14.628,14.628,14.36,14.36,1616
"1382","SANTANDER",2021-08-18,15,15,14.2,14.2,1931
"1383","SANTANDER",2021-08-19,14.2,14.25,14.1,14.25,3921
"1384","SANTANDER",2021-08-20,14.2,14.2,13.82,14.104,13242
"1385","SANTANDER",2021-08-23,14.164,14.35,14.132,14.32,2678
"1386","SANTANDER",2021-08-24,14.32,14.32,14.136,14.306,1213
"1387","SANTANDER",2021-08-25,14.4,14.49,14.348,14.462,5494
"1388","SANTANDER",2021-08-26,14.5,14.6,14.5,14.6,1283
"1389","SANTANDER",2021-08-27,14.6,14.6,14.258,14.5,6441
"1390","SANTANDER",2021-08-30,14.31,14.464,14.31,14.324,2809
"1391","SANTANDER",2021-08-31,14.6,14.6,14.04,14.104,8048
"1392","SANTANDER",2021-09-01,14.5,14.538,14.3,14.464,12666
"1393","SANTANDER",2021-09-02,14.6,14.6,14.13,14.156,11337
"1394","SANTANDER",2021-09-03,14.2,14.204,13.9,13.96,10899
"1395","SANTANDER",2021-09-06,14.1,14.196,13.98,14.118,14235
"1396","SANTANDER",2021-09-07,14.142,14.18,14.06,14.13,3766
"1397","SANTANDER",2021-09-08,14.13,14.13,13.78,13.932,15576
"1398","SANTANDER",2021-09-09,13.93,13.93,13.78,13.85,4541
"1399","SANTANDER",2021-09-10,14.09,14.25,13.85,13.85,11047
"1400","SANTANDER",2021-09-13,14.2,14.2,13.86,14.152,1548
